24,YouTube No,2001,2001년 미국의 FOX에서 방영한 미드로 대테러조직 CTU(Counter Terrorist Unit)의 인간 병기요원 잭 바우어가 미국의 안전을 위협하는 테러를 막기 위해 활약하는 내용을 담고있다. 한 시즌의 에피소드가 24개이며 에피소드 한편이 1시간동안 벌어지는 일을 담고 있어서 한 시즌이 하루동안(24시간)에 일어난 사건이 된다.,15,44min,"액션,범죄,드라마,스릴러",['Disney Plus']
800미터,YouTube No,2022,2017년 스페인. 지역 사회의 일원이던 청년들이 두 차례 테러 공격을 감행한다. 어떻게 이런 일이 발생할 수 있었을까. 그 내막을 파헤친 다큐 시리즈.,15,52min,"다큐멘터리,범죄",['Netflix']
Black Clover,YouTube No,2017,"어린 시절 부모에게 버림을 받고 빈민 지역 교회에서 자란 아스타와 라이벌 유노. 두 사람은 마법 세계의 정점인 마법제가 되겠다는 목표를 가지고 있다. 그러나 아스타는 전혀 마력을 가지고 있지 않아 마법 기술을 쓰지 못하는 반면, 유노는 어린 나이에도 불구하고 엄청난 마법의 소유자로 촉망 받는다. 시간이 흘러 두 사람은 15세가 되고, 마력을 가진 15세 아이들에게 마법기사단에 들어갈 수 있는 기회가 찾아온다.",15,23min,"판타지,SF,스릴러,애니메이션,액션,코미디,드라마","['Netflix', 'Watcha', 'wavve']"
DC 레전드 오브 투모로우,YouTube No,2016,미래에서 온 미스터리한 '타임 마스터' 립 헌터가 개성 뚜렷한 슈퍼히어로와 악당들을 한 팀으로 꾸려 불멸의 악당으로부터 지구 수호에 나선다.,15,42min,"SF,액션,드라마",['Netflix']
Insânia,YouTube No,2021,"인적 비극으로 정신적으로 무너져버린 젊은 범죄 과학 수사관 폴라는 결국 정신 병원에 감금되고, 그곳에서 만난 이상한 의사로 인해 어둡고 무시무시한 자신의 정신세계와 마주하게 된다.", Gustavo Bonafé ,35min,"공포,드라마",['Disney Plus']
Interstelar,YouTube No,2014,"세계 각국의 정부와 경제가 완전히 붕괴된 미래가 다가온다. 지난 20세기에 범한 잘못이 전 세계적인 식량 부족을 불러왔고, NASA도 해체되었다. 나사 소속 우주비행사였던 쿠퍼(매튜 매커너헤이)는 지구에 몰아친 식량난으로 옥수수나 키우며 살고 있다. 거센 황사가 몰아친 어느 날 알 수 없는 힘에 이끌려 딸과 함께 도착한 곳은 인류가 이주할 행성을 찾는 나사의 비밀본부. 이 때 시공간에 불가사의한 틈이 열리고, 이 곳을 탐험해 인류를 구해야 하는 임무를 위해 쿠퍼는 만류하는 딸을 뒤로한 채 우주선에 탑승한다.", Christopher Nolan ,2시간 49분,"SF,드라마,스릴러","['Netflix', 'wavve', 'Watcha']"
Invasion,YouTube No,2021,갑작스런 외계인의 침공으로 생존을 위협받는 인류. 일상은 사라졌고 세상은 혼란에 빠졌다. 각자가 처한 믿을 수 없는 현실을 극복하려는 다섯 명의 평범한 사람들. 시시각각 발생하는 위기 상황에 대처할 수 있을까?,12,51min,"드라마,SF,판타지",['Apple TV Plus']
"Kalel, 15",YouTube No,2019,"Surrounded by tensions and secrets, a teenage boy searches for validation and navigates life with a dysfunctional family following an HIV diagnosis.", Jun Robles Lana ,1시간 44분,드라마,['Netflix']
Mai,YouTube No,2022,A grieving mother discovers the criminals behind her daughter's tragic death and transforms from meek to merciless to get the real story.," Anshai Lal ,  Atul Mongia ",48min,"범죄,드라마",['Netflix']
Showtime 1958,YouTube No,2020,"The true story behind the iconic Selamat Hari Raya song written in 1958, by P. Ramlee and Jamil Sulong during a variety show which they had organised to collect funds for fellow performers and friends who had lost their jobs at the studio.", Anwardi Jamil ,1시간 49분,드라마,['Netflix']
The Miracle of Teddy Bear,YouTube No,2022,"Taohu is a giant white teddy bear and has been Nat's object of comfort for ten years. However, he isn’t an ordinary teddy bear, he has the ability to communicate with other objects and items in the house. One day, unbeknownst to Nat, the teddy bear was miraculously turned into a young man, however, that young man can't remember anything about himself. Taohu tried to find his own background, but everything became complicated when he found out that his background was connected to the dark secrets of his owner's family. He had to hurry because his time as a human is running out and he wanted to discover the secrets of his background so much, but he also wanted to be closer to the person he loved the most. Will Taohu be able to find the answers to his questions and reveal all the secrets he wishes to know? An"," Haeman Chatemee ,  Paajaew Yuthana Lorphanpaibul ",1시간 30분,"SF,로맨스",['Netflix']
What If...?,YouTube No,2021,"마블시네마틱 유니버스(MCU)의 내용을 반전시켜, 영화의 유명 사건들을 기발한 방법으로 다시 그려낸다. 마블 스튜디오의 첫 애니메이션 시리즈로 MCU의 다양한 영웅들 중심으로 내용이 전개 되며, 그 역을 맡았던 유명 스타들이 목소리 출연진으로 나온다.",12,32min,"SF,판타지,애니메이션,액션",['Disney Plus']
결혼작사 이혼작곡,YouTube No,2021,"잘나가는 30대, 40대, 50대 매력적인 세 명의 여주인공에게 닥친 상상도 못 했던 불행에 관한 이야기, 진실한 사랑을 찾는 부부들의 불협화음을 다룬 드라마",15,1시간 9분,"드라마,로맨스",['Netflix']
고블린 슬레이어,YouTube No,2018,"난 세상을 구하지 않는다. 고블린을 죽일 뿐이다. 변경의 한 길드에는 고블린 토벌만으로도 은 등급까지 오른 엄청난 존재가 있다. 모험자가 되어 처음으로 파티에 참여해 고블린 퇴치에 나섰다가 위기에 처한 여신관. 그리고 그것을 구한 자가 바로 고블린 슬레이어라 불리는 남자였다. 그 남자는 고블린 슬레이어라는 이름만큼 수단을 가리지 않고 계속해서 고블린만을 퇴치했다. 그 고블린 슬레이어에게 휘둘리는 여신관, 감사해하는 접수원, 그를 기다리는 소꿉친구인 소치기 소녀. 그리고 고블린 슬레이어의 소문을 들은 한 엘프가 어느 의뢰를 하기 위해 나타났다.",19,24min,"SF,애니메이션,액션,판타지","['Netflix', 'wavve']"
굿 닥터,YouTube No,2017,자폐증을 가진 젊은 외과 의사가 명문 병원에 들어가게된다. 이에 사람들과 소통하지 못하는 의사가 사람의 목숨을 구할 수 있을 까 하는 의문이 제기되는데...,15,42min,드라마,['Netflix']
귀멸의 칼날,YouTube No,2019,"2019년 4월 Tokyo MX에서 방영을 시작한 애니메이션. 고토게 코요하루의 동명의 만화를 원작으로 한다. 다이쇼 시대, 가난하지만 가족들과 함께 행복한 일상을 보내던 카마도 탄지로. 설이 오기 전에 숯을 잔뜩 팔아 가족들을 배불리 먹여주고 싶었던 탄지로는 혼자 마을로 내려가 숯을 판다. 다음날이 밝고 집에 도착한 탄지로는 가족들이 처참하게 몰살당한 모습을 보고, 유일하게 살아있던 여동생 네즈코를 구하기 위해 그녀를 의사에게 데려가려 하지만 네즈코는 이미 혈귀가 되어 있었다. 가혹한 운명의 사슬을 끊어내고 세상에서 혈귀를 멸하려, 지금 탄지로가 복수의 칼날을 높이 든다.",19,25min,"액션,SF,애니메이션,판타지,스릴러,공포","['Netflix', 'wavve']"
그 해 우리는,YouTube No,2021,헤어진 연인이 고등학교 시절 촬영한 다큐멘터리의 역주행 인기로 강제 소환되면서 펼쳐지는 청춘들의 첫사랑 역주행 로맨스,15,1시간 0분,"드라마,코미디","['Netflix', 'wavve']"
그래비티,YouTube No,2013,"허블 우주 망원경을 수리하기 위해 우주를 탐사하던 라이언 스톤 박사는 폭파된 인공위성의 잔해와 부딪히면서 우주 공간에 홀로 남겨진다. 탑승했던 왕복선은 파괴됐고 산소는 희박해져간다. 홀로 남겨졌다는 공포가 그녀를 휘감아 가던 순간, 그녀의 앞에 베테랑 동료 우주비행사인 매트 코왈스키가 구세주처럼 나타난다. 인공위성의 잔해가 지구를 한 바퀴 돌아 다시 덮쳐오기까지 걸리는 시간은 단 90분. 그 전에 그들은 우주 왕복선과 가까이 있는 ISS로 이동해서 소유즈를 활용해 지구로 귀환하기로 하는데...", Alfonso Cuarón ,1시간 30분,"SF,드라마,판타지,음악,액션,스릴러","['Netflix', 'wavve', 'Watcha']"
그레이 아나토미,YouTube No,2005,"시애틀에 있는 병원 의사들의 삶에 대한 이야기. 의사로서의 감정과 개인적인 감정에 대한 묘사가 적절히 조화를 이루어 그려진다. 인턴이지만 결국 레지던트가 되는 메러디스 그레이는 시애틀 병원의 동료 의사들과 함께 사적, 직업적인 열정에 휩쓸리는 자신을 발견한다.",19,49min,"드라마,로맨스",['Disney Plus']
그로운-이시,YouTube No,2018,"'블랙키시'의 스핀오프 드라마로, 대학 교육 내의 관리자들과 학생들이 마주하고 있는 현대의 문제들에 대한 이야기",15,20min,"코미디,드라마",['Disney Plus']
그리드,YouTube No,2022,전 지구적 방어막인 그리드의 보호 아래 태양풍으로부터 살아남은 지구. 그리드 관리국 직원 김새하는 살인범과 마주치고 형사 정새벽은 살인범을 쫓던 중 놀라운 현상을 목도한다. 그리드를 창시한 유령이 24년 만에 나타난 것. 그런데 유령은 왜 살인범을 돕는 걸까. 위기에 빠진 인류를 구원했던 미스터리한 존재의 진실을 파헤치는 추적 스릴러.,15,52min,"SF,액션,스릴러",['Disney Plus']
그린 마일,YouTube No,1999,"미국 루이지애나의 콜드 마운틴 교도소. 폴은 사형수 감방의 간수장으로 일하고 있다. 그의 일은 사형수들을 감독하고, 그린 마일이라 불리는 초록색 복도를 거쳐 그들을 사형 집행장까지 안내하는 것. 폴은 그들이 죽음을 맞이하는 순간까지 평화롭게 지낼 수 있도록 최선을 다한다. 어느 날 존 커피라는 사형수가 이송되어 온다. 그는 쌍둥이 여자아이를 살해한 흉악범. 하지만 순진한 눈망울에 겁을 잔뜩 집어먹은 그의 모습에 폴은 당혹감을 느낀다. 게다가 그는 초자연적 능력으로 폴의 지병을 깨끗하게 치료해주기까지 한다. 존을 전기 의자로 데려가야 할 날이 다가오면서 폴은 그가 무죄라는 확신을 갖게 되는데...", Frank Darabont ,3시간 8분,"판타지,범죄,드라마",['Netflix']
그린마더스클럽,YouTube No,2022,초등커뮤니티의 민낯과 동네 학부형들의 위험한 관계망을 그리는 드라마,15,1시간 9분,드라마,['Netflix']
기묘한 이야기,YouTube No,2016,"인디애나주의 작은 마을에서 행방불명된 소년. 이와 함께 미스터리한 힘을 가진 소녀가 나타나고, 마을에는 기묘한 현상들이 일어나기 시작한다. 아들을 찾으려는 엄마와 마을 사람들은 이제 정부의 일급비밀 실험의 실체와 무시무시한 기묘한 현상들에 맞서야 한다.",15,52min,"SF,판타지,공포,스릴러,드라마",['Netflix']
꽃 같은 내 인생,YouTube No,2017,서른을 바라보는 게으름뱅이 장손. 도무지 철 들 것 같지 않던 그가 할머니의 임종을 보기 위해 온 가족이 모인 자리에서 루저 인생을 청산하고 가업을 잇기로 한다.,15,1시간 29분,"드라마,코미디",['Netflix']
나의 해방일지,YouTube No,2022,어른이 된 후 매일매일 되풀이되는 단조로운 일상에 지친 세 남매. 한없이 평범한 삶 속에서 특별한 성취와 자유를 찾아 나선다. 견딜 수 없이 촌스런 삼남매의 견딜 수 없이 사랑스러운 행복소생기.,15,1시간 3분,"드라마,로맨스",['Netflix']
나이트메어 앨리,YouTube No,2021,"성공에 목마르고 욕망으로 가득 찬 스탠턴은 절박한 상황에서 유랑극단에서 만난 독심술사 지나를 이용하여 사람의 마음을 간파하는 기술을 터득한다. 수려한 외모, 현란한 화술, 마음을 현혹시키는 능력으로 뉴욕 상류층 상대로 부를 손에 쥐게 된 스탠턴. 채워지지 않는 그의 위험한 욕망을 꿰뚫어 본 심리학자 릴리스 박사는 뉴욕에서 가장 위험한 거물을 그에게 소개해 주는데…", Guillermo del Toro ,2시간 30분,"스릴러,액션,판타지,공포,범죄,드라마",['Disney Plus']
나일 강의 죽음,YouTube No,2022,"이집트 나일강에서 열리는 호화로운 결혼 연회에 탐정 에르큘 포와로(케네스 브래나)가 초대를 받는다. 식의 주인공은 리넷(갤 가돗)과 사이먼(아미 해머). 리넷은 자신을 축하하기 위해 모인 친인척들과 재산 관리인, 그리고 헤어진 과거의 연인까지 모두가 자신의 막대한 재산을 노리고 있다는 생각에 빠져 에르큘 포와로에게 자신을 지켜달라는 의뢰를 한다. 그러던 와중에 또 한명의 불청객이 나타난다. 리넷의 가장 친한 친구이자 사이먼과 애인 사이였던 재클린(에마 매키). 앙심을 품은 재클린이 리넷 커플을 따라다니며 대놓고 저주를 퍼붓자 리넷의 불안은 극에 달하고, 그렇게 마침내 나일강 위를 떠다니던 초호화 여객선에서 총알 한방이 발사되고야 마는데...", Kenneth Branagh ,2시간 7분,"드라마,스릴러,범죄",['Disney Plus']
내 이야기!!,YouTube No,2015,"고다 타케오, 고1 남자. 신장 2미터에 몸무게 120킬로. 꾸밈없고 서투르고 둔한 이 남자는 여자들에게는 인기가 없지만 남자들에게는 인기 폭발. 그러던 어느 날, 고다는 학교 가는 전철 안에서 치한을 퇴치하고 여대생 야마토 린코를 구해주게 되는데... 그 순간 고다는 야마토 린코에게 한눈에 반해버리게 된다.",12,24min,"코미디,로맨스,애니메이션","['Netflix', 'wavve', 'Watcha']"
내가 그녀를 만났을 때,YouTube No,2005,《내가 그녀를 만났을 때》는 미국 CBS에서 방영되었던 시트콤이다. 소울메이트를 찾기 위한 테드의 기나긴 여정. 어른이 된 테드가 아이들에게 아빠와 엄마가 만난 이야기를 들려주며 회상하는 장면들로 이뤄진다.,15,24min,"코미디,로맨스",['Disney Plus']
내가 널 사랑할 수 없는 10가지 이유,YouTube No,1999,"상냥하고 얼굴도 예쁜 비앙카는 인기 만점의 여학생이다. 하지만 아직까지 한 번도 데이트를 해본 적이 없다. 아버지가 고교 졸업 전까지는 이성교제를 엄금했기 때문이다.  하나뿐인 언니 캣이 공동전선을 펴서 아빠를 좀 설득해주면 좋으련만, 캣은 남자 친구 따위는 관심도 없다는 투다. 그런데, 최근에 이성교제에 대한 아빠의 규칙이 약간 바뀌었다. 캣이 남자친구를 사귀면 비앙카도 데이트를 할 수 있다는 것. 이 소식을 듣고 희망에 부푼 사람은 비앙카 뿐이 아니었다. 전학 온 첫 날, 비앙카를 보고 한 눈에 반해버린 카메론은 오직 그녀를 만나고 싶다는 일념으로 비앙카와 함께 프랑스어 스터디를 하고 있었다.  카메론은 친구 마이클의 도움을 받아 캣과 교제할 사람을 찾아나선다. 캣의 오만함과 독설에 나가떨어지지 않고 그녀를 상대해줄 만한 사람이어야 했다. 이들이 점찍은 남학생은 패트릭. 독특한 호주 액센트를 구사하는 아웃사이더로서 암거래 조직의 일원이라는 둥, 화재 사건의 범인이라는 둥, 그를 둘러싼 소문은 무성했지만, 아무도 가까이 접근하지 못하는 미스터리의 터프 가이였다. 이런 패트릭이 카메론의 사랑에 감격해서 자발적으로 캣과 데이트를 해줄 리는 만무하므로, 두 사람은 그를 매수하기로 한다.  이를 위한 물주로 떠오른 이는 죠이. 학생이자 모델인 그는 빨간 스포츠카를 몰고 다니는 인기 만점의 남학생으로 돈 많고, 체격 좋고, 잘생겼지만, 머리에 든 것도 별로 없고 우쭐대기만 하는 속물인데, 오래전부터 비앙카에게 눈독을 들이고 있었다. 마이클은 캣에게 남자친구가 생기면 비앙카와 데이트할 수 있다는 정보를 슬쩍 흘리며 죠이로하여금 패트릭을 매수하도록 부추겼다. 일은 착착 진행되어, 드디어 패트릭이 캣과 함께 파티에 참석하는데 성공한다.  만남이 잦아지면서 서로의 참모습을 알게 된 두 사람은, 다른 이들의 의도와는 상관없이 정말로 사랑에 빠지지만...", Gil Junger ,1시간 37분,"드라마,코미디,로맨스",['Disney Plus']
내일,YouTube No,2022,"‘죽은 자’를 인도하던 저승사자들이 이제, ‘죽고 싶은 사람들’을 살린다! 저승 판타지 웜(Warm) 메이드 드라마",15,1시간 0분,"드라마,액션,코미디,판타지","['Netflix', 'wavve']"
네모바지 스폰지밥,YouTube No,1999,"깊은 태평양 바닷속, '비키니 씨티'라는 해저도시에 사는 네모낳고 노란 해면동물 '스폰지밥'과 친구들의 이야기를 그린 애니메이션",7,19min,"SF,가족,판타지,애니메이션,코미디",['Netflix']
노매드랜드,YouTube No,2020,"경제적 붕괴로 도시 전체가 무너진 후 홀로 남겨진 펀. 추억이 깃든 도시를 떠나 작은 밴과 함께 한 번도 가보지 않은 낯선 길 위의 세상으로 떠난다. 그곳에서 펀은 각자의 사연을 가진 노매드들을 만나게 되고, 광활한 자연과 길 위에서의 삶을 스스로 선택한 그들과 만나고 헤어지며 다시 살아가기 위한 여정을 시작하는데…", Chloé Zhao ,1시간 48분,드라마,['Disney Plus']
노바디,YouTube No,2021,"비범한 과거를 숨긴 채 남들과 다를 바 없는 평범한 일상을 사는 한 가정의 가장 ‘허치’ 매일 출근을 하고, 분리수거를 하고 일과 가정 모두 나름 최선을 다하지만 아들한테는 무시당하고 아내와의 관계도 소원하다. 그러던 어느 날, 집안에 강도가 들고 허치는 한 번의 반항도 하지 못하고 당한다. 더 큰 위험으로부터 가족을 지키기 위한 선택이었는데 모두 무능력하다고 ‘허치’를 비난하고, 결국 그동안 참고 억눌렀던 분노가 폭발하고 만다.", Ilya Naishuller ,1시간 32분,"스릴러,액션,범죄,드라마",['Netflix']
뉴 걸,YouTube No,2011,"중학교 교사인 주인공 제스 데이(조이 데이셔넬 분)는 동거하던 남자친구가 바람을 피운 사실을 알고 인터넷에서 본 집으로 이사한다. 이후 세 명의 룸메이트: 닉 밀러 (제이크 존슨 분), 슈미츠 (맥스 그린필드 분), 윈스턴 비숍 (러몬 모리스 분) 과 함께 로스앤젤레스의 아파트에서 살아가게된다.

첫 번째 룸메이트인 닉 밀러는 현재 바텐더를 하고 있지만, 로스쿨을 3학기 남기고 자퇴한 전적이 있다. 그 이유는 4년동안 사귄 대학시절 여자친구인 캐롤라인 (메리 엘리자베스 엘리스 분) 에게 실연당했기 때문이다. 이후로 그는 매사에 시니컬하고 부정적이게 되었다.

두 번째 룸메이트인 슈미츠는 닉의 대학시절 룸메이트로 이후 10년간 함께 거주중인 친구이다. 그는 유대인임을 자랑스럽게 생각하며, 현재 여성들로 가득찬 여성용품 회사를 다니고 있다. 대학시절 비만이었던 그는 친구 코치 (데이먼 웨이언스 주니어 분)의 도움으로 살을 뺐고 그 이후로 과도하게 멋을 내는 등 외모에 광적인 집착을 보인다.

마지막으로 윈스턴은 라트비아에서 프로 농구선수로 활동했으나 팀에서 방출된 후 두 번째 에피소드에서 미국으로 돌아왔다. 그는 닉의 어렸을 때 친구이기도 하며, 승부욕이 대단하지만 여자친구에겐 무관심한 인물로도 그려진다. 또한 새 직장을 찾으려 안간힘을 쓰는 실직자이기도 하다.

이와 더불어 등장하는 제스의 소꿉친구인 씨씨 (해나 시몬 분)는 현직 활동중인 모델이며, 인도 출신이다. 현재 동료 모델들과 같은 아파트에 함께 살고 있다.",15,21min,"코미디,로맨스",['Disney Plus']
뉴 암스테르담,YouTube No,2018,미국에서 가장 오래된 공립 병원의 의사인 주인공을 중심으로 낡은 병원의 체제를 바꿔 최신의 의료 서비스를 제공하려는 의사들의 이야기,15,43min,드라마,"['Netflix', 'Watcha']"
닥터 스트레인지,YouTube No,2016,"오만함과 실력 모두 최고인 신경외과 의사 닥터 스티븐 스트레인지는 운전 중에 핸드폰을 한 대가로 두 손의 신경이 끊어지는 심각한 부상을 입고 큰 상심에 빠진다. 게다가 모난 말들로 사랑하는 여인 크리스틴 팔머마저 그의 곁을 떠나게 만든다. 그는 치료를 위해 히말라야의 영적 지도자, 에인션트 원을 만나 마지막 희망을 걸고 수련을 시작한다. 스트레인지는 빠르게 마법을 터득해 나가는 동시에 세계의 작동원리와 우주를 정복하려는 도르마무 일당의 계략을 알게 된다.", Scott Derrickson ,1시간 55분,"판타지,SF,액션",['Disney Plus']
달의 연인 - 보보경심 려,YouTube No,2016,"달 그림자가 태양을 검게 물들인 날. 상처 입은 짐승 같은 사내, 4황자(네번째 황자) ‘왕소’(이준기 분)와 21세기 여인 ‘고하진’(이지은 분)의 영혼이 미끄러져 들어간 고려 소녀 ‘해수’가 천년의 시공간을 초월해 만난다. 고려 건국 초. 태조의 과도한 혼인 정책이 부른 처절한 황위 다툼이 곧 예고 되지만, 아직은 청춘을 만끽 중인 8명의 황자들은 당찬 현대 여성의 영혼을 지닌 해수를 순식간에 주목한다. 황위를 둘러싼 치열한 궁중 암투 속에서 해수와 황자들의 인연은 끈끈하게 이어지고... 해수는 역사에 기록된 황자들의 운명에 끼어들 것인가 고민한다. 누구보다 장차 피의 군주 ‘광종’이 될 4황자 왕소. 차라리 만나지 않았으면, 그토록 고통스럽게 서로를 그리워하지 않았을 4황자와의 짙은 사랑이 고려 황실을 배경으로 아름답게 펼쳐지는데...",15,1시간 0분,"전쟁,SF,액션,드라마,판타지,역사,로맨스","['Netflix', 'wavve', 'Watcha']"
댄싱 온 글래스,YouTube No,2022,주연을 맡게 된 부담감에 짓눌린 발레리나와 그녀와 친구가 된 새로운 단원. 두 사람은 현실 세계에서 점점 멀어져 둘만의 고립된 우정 속으로 빠져든다., Jota Linares ,2시간 17분,"드라마,스릴러",['Netflix']
더 레지던트,YouTube No,2018,노련한 고참 레지던트가 이상으로 가득 찬 신참들의 교육을 맡는다. 레지던트와 신참 의사와 환자들의 이야기 중심으로 현대 의학과 병원의 진짜 모습을 드러내는 메디컬 드라마.,15,44min,드라마,['Disney Plus']
더 롱 게임: 농구 코트와 그 너머의 삶,YouTube No,2022,드래프트로 향하던 5성급 NBA 유망주 마쿠르 메이커는 예상치 못했던 우회로 하워드 대학교에 가게 된다. 이 감격적인 다큐시리즈는 마쿠르의 여정에 함께하며 가족의 도움을 받아 자신의 서사를 새로 쓰겠다는 그의 투지를 보여 준다.,12,50min,다큐멘터리,['Apple TV Plus']
더 만달로리안,YouTube No,2019,"2019년 12월 Disney+에서 방영을 시작한 SF물. 조지 루카스의 스타워즈 세계관을 바탕으로 하며, 제다이의 귀환으로부터 5년 후, 깨어난 포스로부터 25년 전의 이야기를 다룬다. 은하 내전 이후, 제국이 몰락한 이후의 시대에 활약한 무명의 만달로리안 현상금 사냥꾼의 이야기를 다룬다. 장고와 보바 펫 이야기 이후 또 다른 전사가 스타워즈 유니버스에 등장한다. 만달로리안은 제국의 몰락 이후 퍼스트 오더가 생기기 이전을 배경으로 한다. 신공화국으로부터 멀리 떨어진 머나먼 우주 저편에서 외로운 총잡이의 행적을 따라갈 것이다.",12,40min,"SF,액션,판타지",['Disney Plus']
더 모닝 쇼,YouTube No,2019,"2021년 9월 Apple TV+에서 방영을 시작한 드라마. 미국의 아침을 깨우는 더 모닝 쇼의 호스트인  미치 케슬러(스티브 캐럴)는 섹스 스캔들이 폭로되면서 갑작스레 방송에서 하차한다. 국민 아나운서 급의 인기를 누리고 있던 그의 사생활 폭로에 방송국은 엄청난 타격을 입게 된다. 미치와 함께 진행을 하던 알렉스 레비(제니퍼 애니스톤)는 이런 일을 저지른 미치가 밉기도 하지만, 훌륭했던 파트너를 잃은 마음에 걱정이 앞선다. 오랜 기간 동안 진행해 온 프로그램이 존폐 위기에 놓이자 어떻게 해서든 쇼를 지키려는 레비. 그들이 직면한 새로운 방송국과 급변하는 세상은 정체성이 지배하는 곳이다. 겉으로 보이는 모습과 진정한 자아 사이의 격차가 새로운 갈등을 만드는데...",15,57min,"드라마,코미디",['Apple TV Plus']
더 퍼지: 포에버,YouTube No,2021,"매년 단 하루, 12시간 동안 살인은 물론 어떤 범죄도 허용되는 미국의 연례 행사 ‘퍼지’ 데이! 아메리칸 드림을 꿈꾸며 미국에 정착한 멕시코 부부 ‘아델라’와 ‘후안’, 텍사스 부촌에서 마구간과 농장을 꾸리며 안락하게 살아가는 ‘딜런’ 가족까지 모든 이들이 긴장감 속에서 ‘퍼지’ 데이를 맞이한다. 다행히 큰 사고없이 ‘퍼지’ 데이를 보낸 이들은 공식적인 ‘퍼지’ 종료 사이렌이 울리자 일상으로 복귀한다. 하지만 ‘영원한 퍼지’를 통한 ‘미국의 정화’를 외치는 추종자 세력이 등장하면서 걷잡을 수 없는 폭력과 살인이 난무하기 시작한다. 안전을 위해 멕시코 국경까지 이동해야 하는 ‘아델라’와 ‘후안’, 그리고 ‘딜런’ 가족은 과연 공권력과 법의 통제가 완전히 사라져버린 ‘영원한 퍼지’ 속에서 살아남을 수 있을 것인가…", Everardo Gout ,1시간 43분,"스릴러,공포,SF,액션",['Netflix']
데자뷰,YouTube No,2006,"누구나 그런 경험을 한번쯤 해봤을것이다. 어떤 사람을 만났는데 왠지 예전부터 알던 사람 같다든지, 어떤 장소에 생전 처음 갔는데 그곳이 아주 낯이 익다든지 하는... 우리가 흔히 데자뷰라고 일컫는 이 현상이 만약, 단순한 착각이 아니라면 어떨까? 만약 과거로 부터 온 어떤 경고라면?  제작 제리 브룩하이머, 감독 토니 스콧, 각본 빌 마실리, 테리 로시오의 새 영화 는 주류, 담배, 화기 단속국(ATF) 소속 수사관 더그 칼린 (덴젤 워싱턴 분)이 한 범죄를 수사하면서 겪는 미스테리한 사건을 그리고 있다.  때는 마디그라 축제일. 뉴올리언스의 한 부두에서 벌어진 폭파 테러 사건의 증거물을 확보하기 위해 현장에 나간 더그는 지금껏 데자뷰라고 알려졌던 현상에 대한 놀라운 수수께끼를 알게된다. 그는 테러로 희생된 수백명의 생명을 구하기 위해 범인과의, 그리고 시간과의 두뇌 싸움을 시작하게 된다
 모든 것을 바꿀수 있는, 예측 불가능한 도박에 몸을 던진것이다.  시공의 물리적 개념을 거슬러 과거로 돌아간 칼린은 수사 과정에서 범행의 피해자인 한 여인에게 강렬한 이끌림을 느낀다. 칼린이 온 미래의 시점에선
 이미 죽은 피살자인 여인. 그러나 과거로 돌아간 시점에서 그녀는 부두 폭파 테러를 막을수 있는 열쇠를 쥐고 있는 당사자이다.", Tony Scott ,2시간 6분,"스릴러,액션,범죄,SF,MadeinEurope,드라마",['Disney Plus']
도라에몽,YouTube No,2005,도라에몽과 진구 친구의 이야기, 젠소 이치로 ,23min,"액션,SF","['Watcha', 'Netflix', 'wavve']"
돌 페이스,YouTube No,2019,"오래 사귄 남자친구에게 차인 후, 냉담했던 친구들과의 관계를 만회하고자 여자의 세계에 다시 들어가야만 한다.",15,27min,"코미디,SF",['Disney Plus']
라라랜드,YouTube No,2016,"차들로 빽빽이 들어찬 LA의 고속도로. 거북이 걸음이던 도로가 뚫리기 시작하지만 미아 지금 손에 든 연기 오디션 대본을 놓지 못한다. 세바스찬은 경적을 누르며 미아를 노려보고는 사라진다. 악연의 시작. 이후 미아는 감미로운 피아노 선율에 이끌려 재즈바로 향하는데, 연주자가 바로 세바스찬이다. 미아가 세바스찬에게 인사를 건네려고 다가가던 순간은 하필 그가 재즈바의 레퍼토리를 무시하고 연주한 탓에 해고된 직후. 세바스찬은 인사를 건네려 다가온 미아를 쌩하니 스쳐 지나가버린다. 세 번째로 두 사람은 파티에 온 손님과 출장 밴드의 키보드 연주자로 다시 만나는데...", Damien Chazelle ,2시간 8분,"드라마,로맨스,음악,코미디","['Netflix', 'Watcha']"
"러브, 빅터",YouTube No,2020,"많은 호평을 받은 베키 앨버탤리의 소설 '사이먼 vs 더 호모 사피엔스 아젠다'에서 영감을 얻은 2018년의 획기적인 영화 '러브, 사이먼'의 세계를 배경으로 하는 이 시리즈는 집에서 어려움을 겪고, 새로 온 도시에 적응해야 하며, 자신의 성적 지향으로 고군분투하는 크릭우드 고등학교의 전학생 빅터의 여정을 따라간다. 모든 일이 지나치게 힘든 듯 보이자 빅터는 사이먼에게 새 고등학교 생활의 기복을 헤쳐나갈 수 있게 도와달라고 부탁한다.",15,29min,"코미디,드라마,로맨스",['Disney Plus']
러시아 인형처럼,YouTube No,2019,그녀가 처음 죽었던 밤. 서른여섯 번째 생일 파티가 한창이었다. 이후로 끝없이 반복되는 죽음과 생일 파티. 죽었다 살아난 걸 축하하기엔 죽음이 코앞에 다가와 있다.,19,28min,"드라마,코미디",['Netflix']
레고 닌자고,YouTube No,2012,"CGI 코미디 액션 아동 텔레비젼 애니메이션 프로그램이자 레고에서 2011년부터 발매하던 제품군이다. 제목을 보면 알 수 있듯이 테마는 닌자이다.

파일럿 에피소드들은 2011년1월 14일 처음 방송되었고 시즌 1의 1화와 2화는 2011년 12월 2일 방송되었다. 시즌 1은 2012년 2월, 3월, 4월을 거쳐 방송되었다. 만화에서는 레고 시티와는 달리 인간 캐릭터만 레고 피규어 형태이고 드래곤을 포함한 모든 사물이나 동물들은 블럭으로 표현하지 않은 게 특징이다. 그렇기 때문에 로봇 등이 폭발하면 블럭조각으로 분리되는 게 아니라 쇳덩이가 되는 연출이 나온다.

스핀짓주라는 훨윈드 비스무리한 무술의 일종으로 악당과 싸우는 닌자들의 이야기를 다루고 있다.",7,17min,"SF,가족,판타지,애니메이션,액션,코미디,MadeinEurope",['Netflix']
레아의 7개 인생,YouTube No,2022,"한 청년의 유골을 발견한 레아. 1990년대 각기 다른 사람의 몸에서 일곱 번 깨어나게 된다. 그러는 동안, 청년의 죽음에 얽힌 미스터리를 밝혀 비극을 막으려 하는데."," Julien Despaux ,  Émilie Noblet ",45min,"드라마,스릴러,판타지,범죄",['Netflix']
로스트,YouTube No,2004,"2004년 9월 ABC에서 방영을 시작한 미스테리 스릴러. 남태평양의 한 섬에 오세아닉 815 항공기가 불시착하지만 동체 부분과 후미 부분이 부서지며 공중분해되면서 이름모를 섬에 떨어진다. 의사, 이송 중이던 죄수, 전직 이라크군, 로큰롤 가수 등 다양한 직업을 가진 그들은 구조되어 살아남기 위해 여러 방법을 동원한다. 하지만 구조대는 오지 않고, 밤이 되자 정글 안에서는 무시무시한 소리가 들려온다. 서서히 다가오는, 그러나 보이지 않는 정체 불명의 괴물과 괴이현상들. 고립된 생존자들은 점점 두려움에 빠져들고 극한의 상황으로 내몰리게 된다.",15,44min,"액션,스릴러,드라마,판타지,SF",['Disney Plus']
리턴 투 스페이스,YouTube No,2022,일론 머스크와 스페이스X 엔지니어들이 역사적인 임무에 착수한다. 목표는 NASA 우주비행사를 국제 우주정거장으로 돌려보내 우주 여행에 혁명을 일으키는 것.," Jimmy Chin ,  Elizabeth Chai Vasarhelyi ",2시간 8분,다큐멘터리,['Netflix']
리플리,YouTube No,1999,호텔보이이자 피아노 연주로 생활하는 톰 리플리 (맷 데이먼). 어느날 대학 재킷을 빌려입고 피아노 연주 대역을 하다 선박 부호 그린리프의 제의를 받는다. 이태리에서 빈둥대는 아들 디키 그린리프 (주 드로)를 데려오면 천달러를 주겠다는 것. 디키가 좋아하는 재즈도 공부하면서 연구한 톰은 이태리로 가 디키를 만나는데 상류사회의 화려함과 디키의 연인 마지 (기네스 팰트로)에게도 호감을 느낀다. 그러나 계약기간은 점차 만료되어 가는데..., Anthony Minghella ,2시간 19분,"스릴러,범죄,드라마",['Netflix']
메탈 로드,YouTube No,2022,"꽃길은 하나뿐이라는 아웃사이더 청소년 헌터와 케빈. 메탈에 모든 걸 바쳐, 밴드 경연 대회에서 우승을 노린다. 모두가 둘을 우러러보도록!", Peter Sollett ,1시간 37분,"드라마,코미디,음악",['Netflix']
명불허전,YouTube No,2017,자타공인 조선 최고의 침구술 실력을 지녔으나 천출이라는 신분의 벽에 가로막혀 초심을 잃은 개차반 의원이 400년 후의 미래인 2017년 서울로 떨어지게 돼 현대의학의 신봉자이자 까칠한 독종 의사와 만나며 벌어지는 일을 그린 드라마,15,1시간 9분,"드라마,판타지,로맨스",['Netflix']
문나이트,YouTube No,2022,"온화한 성격의 기념품점 직원, 스티븐 그랜트는 일시적 기억 상실과 또 다른 생의 기억으로 힘들어하는 도중 자신이 해리성 정체 장애를 갖고 있다는 것과 마크 스펙터라는 용병과 몸을 공유한다는 사실을 알게 된다. 스티븐/마크에게 적이 모여들자 둘은 얽힌 정체성을 넘나들며 이집트의 강력한 신들 간의 위험한 미스터리에 빠져든다.",12,48min,"액션,SF,스릴러,드라마,판타지,공포",['Disney Plus']
미드소마,YouTube No,2019,"한여름, 낮이 가장 긴 날 열리는 미드소마에 참석하게 된 친구들. 꽃길인 줄 알고 들어간 지옥길, 축제가 끝나기 전까지 절대 빠져나올 수 없다. 큰 상실을 겪은 대니가 남자친구 크리스티안과 비밀스러운 스웨덴의 한 마을에서 한여름 낮이 가장 긴 날 열리는 하지 축제에 참석해 기이한 경험을 겪고 점점 공포에 빠져들게 되는데...", Ari Aster ,2시간 28분,"공포,드라마,스릴러,MadeinEurope",['Netflix']
미스 슬로운,YouTube No,2016,"승률 100%를 자랑하는 최고의 로비스트 슬로운. 총기 규제 법안으로 온 나라가 떠들썩한 가운데, 자신의 신념에 따라 모두가 포기한 싸움에 뛰어들게 된다. 승리를 위해서라면 수단과 방법을 가리지 않는 슬로운은 뛰어난 전략으로 한 번도 굴복한 적 없는 거대 권력에 맞서지만, 동시에 자신과 주변 사람 모두를 위험에 빠트리게 되는데…", John Madden ,2시간 12분,"스릴러,드라마,MadeinEurope","['Netflix', 'Watcha']"
방패 용사 성공담,YouTube No,2019,"극히 평범한 오타쿠 대학생인 이와타니 나오후미는 도서관에서 어느 책 한 권을 발견한다. 그리고 그 책으로 인해 나오후미는 검, 창, 활 방패를 무기로 사용하는 사성 용사 중 방패 용사로서 이세계에 초대된다. 용사들에게 주어진 사명은 세상에 혼돈을 야기하는 재앙인 '파도'를 물리치는 것. 모험을 꿈꾸며 동료와 함께 여행을 떠난 나오후미였지만 동료의 배신으로 돈과 명예를 포함한 모든 것을 잃게 된다. 사람을 믿지 못하게 된 나오후미는 노예인 라프타리아를 들여 파도, 그리고 세상에 맞서기로 한다. 모든 것을 잃은 남자의 성공담이 지금 막을 연다.",15,24min,"SF,드라마,액션,로맨스,애니메이션,코미디,판타지","['Netflix', 'wavve', 'Watcha']"
버닝,YouTube No,2018,유통회사 알바생 종수는 배달을 갔다가 어릴 적 같은 동네에서 살았던 친구 해미를 만난다. 종수는 해미에게서 아프리카 여행을 간 동안 자기가 키우는 고양이를 돌봐 달라는 부탁을 받는다. 여행에서 돌아온 해미는 아프리카에서 만난 벤이라는 정체불명의 남자를 종수에게 소개한다. 어느 날 벤은 해미와 함께 종수의 집으로 찾아와 자신의 비밀스러운 취미에 대해 고백한다. 그때부터 종수는 무서운 예감에 사로잡히게 되는데..., Lee Chang-dong ,2시간 28분,"스릴러,드라마,MadeinEurope","['Netflix', 'wavve']"
버블,YouTube No,2022,"중력이 망가진 도쿄에서, 소년과 소녀의 마음이 이끌린다.  본작의 무대는 세계에 쏟아진 거품 로 중력이 망가져버린 도쿄.  생활 시설이 폐쇄된 도쿄는 가족을 잃은 일부 젊은이들의 놀이터로 변했고,  빌딩과 빌딩을 가로지르는 파쿠르 팀 배틀의 전장이 되었다.  어느 날, 위험한 플레이 스타일로 주목을 받는 에이스 히비키는  궤도가 없는 플레이를 하다가 중력을 왜곡시키는 바다에 빠지고 만다.  그곳에서 갑자기 나타난 불가사의한 힘을 가진 소녀 우타가 히비키의 목숨을 구했다.  그리고, 두 명에게만 특별한 소리가 들려온다.", Tetsuro Araki ,1시간 41분,"SF,드라마,판타지,로맨스,스포츠,스릴러,애니메이션,액션",['Netflix']
베놈,YouTube No,2018,진실을 위해서라면 몸을 사리지 않고 사회의 부조리를 취재하는 정의로운 열혈 기자 에디 브록. 거대 기업 라이프 파운데이션의 생체실험에 의혹을 품고 뒤를 쫓던 그는 이들의 사무실에 잠입했다가 실험실에서 외계 생물체 심비오트의 기습 공격을 받게 된다. 심비오트가 숙주의 몸과 정신을 지배할 때 능력을 발휘하는 베놈은 에디의 몸에 기생하며 갖가지 소동을 일으킨다. 한편 비밀리에 인간과 심비오트를 결합해 새로운 생명체를 만들려는 시도를 계속하던 라이프 파운데이션의 회장 드레이크 또한 심비오트의 숙주가 된다., Ruben Fleischer ,1시간 52분,"SF,액션,스릴러","['Netflix', 'Watcha']"
베놈 2: 렛 데어 비 카니지,YouTube No,2021,"‘베놈'과 완벽한 파트너가 된 ‘에디 브록' 앞에 ‘클리터스 캐서디'가 ‘카니지'로 등장, 앞으로 닥칠 대혼돈의 세상을 예고한다. 대혼돈의 시대가 시작되고, 악을 악으로 처단할 것인가?", Andy Serkis ,1시간 37분,"SF,코미디,공포,액션,스릴러",['Netflix']
베르세르크,YouTube No,2016,"2016년도에 신 프로젝트를 실시할 예정으로 2012년도에 극장판으로 개봉되었던 베르세르크: 황금시대 편 3부작 이후로 오랜만의 신작. 이전까지와는 달리 극장판이 아닌 TV판으로 2쿨로 제작한다고 밝혔다. 1쿨의 주 내용은 황금시대 편 이후 스토리인 단죄 편의 내용이며 이에 따라 엘프 파크와 가츠를 추적하는 성철쇄기사단, 이시도르와의 만남과 마녀사냥에 휘말린 캐스커를 화형하려는 모즈구스와의 전투, 그리피스의 재 강림이 나오는 탄생제의 장까지, 2쿨의 주 내용은 캐스커의 치유를 위한 엘프헬름으로의 여행과 그리피스가 신생 매의 단의 결성하는 천년제국의 매편의 내용로 2017년 4월 방영 예정이다.",19,25min,"액션,SF,애니메이션,드라마,판타지,공포","['Netflix', 'wavve']"
베터 콜 사울,YouTube No,2015,브레이킹 배드의 스핀오프. 베터 콜 사울 (Better call Saul) 이라는 제목은 브레이킹 배드에서 등장하는 사울 굿맨의 변호사 광고 슬로건에서 따왔다. 2002년을 배경으로 삼류 변호사 지미 맥길이 악덕 변호사 사울 굿맨으로 변하게 되는 과정을 그린다.,19,49min,"드라마,코미디,범죄",['Netflix']
별에서 온 그대,YouTube No,2013,"조선 땅에 떨어진 뒤로 400년 넘게 인간 남자 행세를 해온 외계인. 대학 강사로 일하는 지금, 드디어 고향에 돌아갈 수 있게 됐건만, 옆집에 사는 한류 스타와 사랑에 빠져버린다. 종족도, 성격도 딴판인 두 남녀의 달콤 발랄 로맨스.",15,43min,"SF,코미디,로맨스,드라마,판타지","['Netflix', 'Amazon Prime Video', 'wavve', 'Watcha']"
보스 베이비 2,YouTube No,2021,베이비 주식회사의 레전드 보스 베이비에서 인생 만렙 CEO가 된 `테드`. 베이비인 줄 알았던 조카 `티나`가 알고 보니 베이비 주식회사 소속이라니! 뉴 보스 베이비 `티나`의 지시로 `테드`는 형과 함께 다시 베이비로 돌아가야만 하는데…, Tom McGrath ,1시간 47분,"애니메이션,판타지,코미디,가족",['Netflix']
보이스,YouTube No,2017,"우리가 목숨걸고 지킨 '3분'은 누군가의 인생이다. 상담원이라는 별명으로 불리며 가장 변방으로 취급 받지만, 사실 삶과 죽음을 가르는 가장 긴박한 순간들이 모인 '112 신고센터'. '3분 도착, 5분 현장 확인, 10분 검거'의 긴박한 타임 리밋 속에서 범죄현장의 골든타임을 사수하는 112 신고센터 대원들의 치열한 기록을 생생하게 담아내고, 우리 인생의 골든타임, 결코 포기해서는 안되는 그 순간의 용기에 대해 이야기한다. 범죄 현장의 골든타임을 사수하는 112 신고센터 대원들의 치열한 기록을 그린 드라마",15,1시간 3분,"범죄,스릴러,액션",['Netflix']
보이후드,YouTube No,2014,여섯 살 메이슨 주니어와 그의 누나 사만다는 싱글맘인 올리비아와 텍사스에 살고 있다. 아빠인 메이슨 시니어는 일주일에 한 번씩 들러 메이슨과 사만다를 데리고 캠핑을 가거나 야구장에 데려 가며 친구처럼 놀아 주곤 하지만 함께 살 수는 없다. 게다가 엄마의 일 때문에 친구들과 헤어져 계속해서 낯선 도시로 이사를 다녀야 하는 메이슨은 외로운 나날을 보내며 점차 성장해가는데..., Richard Linklater ,2시간 44분,드라마,"['Netflix', 'wavve', 'Watcha']"
분노의 질주: 더 얼티메이트,YouTube No,2021,평화로운 은둔생활을 즐기고 있는 도미닉(빈 디젤)에게 또 다른 적이 나타난다. 미스터 노바디(커트 러셀)가 실종되면서 남긴 마지막 메시지를 쫓아가던 돔 패밀리 앞에 돔의 친동생 제이콥(존 시나)이 나타나 비밀이 담긴 박스를 탈취해간 것이다. 제이콥이 테러리스트 사이퍼(샤를리즈 테론)를 이용해 전세계를 위험에 빠트릴 계획을 꾸미고 있음을 알게 된 도미닉은 동생의 폭주를 막고 잘못된 과거를 바로잡기 위해 일어선다. 돌아온 오리지널 멤버 한(성 강) 등과 함께 다시 부활한 돔 패밀리의 반격의 막이 오른다., Justin Lin ,2시간 25분,"범죄,스릴러,액션",['Netflix']
브레이킹 배드,YouTube No,2008,2008년 1월 AMC에서 방영을 시작한 범죄 스릴러. Breaking Bad는 막가기를 뜻하는 미국 남부 지방의 속어이다. 한때 노벨화학상까지 바라 볼 정도로 뛰어난 과학자였던 고등학교 화학 교사 월터 화이트는 자신의 50세 생일 날에 폐암 3기 진단을 받는다. 어느 날 동서와 함께 마약 단속 현장을 참관한 그는 현장에서 달아나는 옛 제자 제시를 발견한다. 뇌성마비에 걸린 고등학생 아들과 임신한 아내를 위해 제시에게 동업을 제의한 월터는 자신의 화학지식을 이용해 전례없는 고순도 고품질의 메스암페타민을 제조한다.,19,48min,"드라마,범죄,스릴러",['Netflix']
브루클린 나인-나인,YouTube No,2013,"경찰의 명예를 중시하는 원칙주의자 홀트 서장. 그 아래 재능은 물론 꼼수, 공갈, 운까지 총동원해서 어떻게든 사건을 해결해내는 듬직한(?) 형사들이 있는 곳. 브루클린 99 관할 경찰서에 오신 것을 환영합니다!",15,22min,"코미디,범죄",['Netflix']
브리저튼,YouTube No,2020,진실한 애정과 끈끈한 유대로 맺어진 브리저튼 가문의 8남매. 그들이 런던의 상류사회에서 사랑과 행복을 향한 여정을 떠난다.,19,1시간 2분,"드라마,로맨스",['Netflix']
브이 포 벤데타,YouTube No,2006,"어느 날 밤 이비라는 소녀가 위험에 처하자 어디선가 한 남자가 나타나 놀라운 전투력으로 그녀의 목숨을 구해준다. 옛날 국회의사당을 폭파하려다 사형당한 가이 포크스의 가면을 쓰고 모든 것을 압도하는 카리스마를 가진 남자는 V라는 이니셜로만 알려진 의문의 사나이. 맥베스와 헨리 5세의 대사들을 인용하고, 현실세계의 아픔을 노래한 윌리엄 블레이크의 시를 읊으며 악을 응징하는 V는세상을 구할 혁명을 계획하고 있다. V의 숨겨진 과거를 알아가는 동안 자신에 관한 진실을 깨달아가는 이비는 점점 V에게 이끌려 그의 혁명에 동참하게 된다.", James McTeigue ,2시간 8분,"판타지,스릴러,SF,액션,드라마","['Netflix', 'wavve', 'Watcha']"
블라인드 멜로디,YouTube No,2018,"눈이 보이지 않는 피아니스트 행세를 하며 라이브 레스토랑에서 공연을 하던 ‘아카쉬’(아유쉬만 커라나)는 레스토랑의 단골 손님에게 아내를 위한 결혼기념일 깜짝 선물로 출장 연주를 와 달라는 부탁을 받게 된다. 하지만 결혼기념일 당일, 의뢰인은 이미 싸늘한 시체가 되어 집 안을 뒹굴고 있는 가운데 그의 아내이자 그를 살해한 범인 ‘시미’(타부)가 태연히 아카쉬를 맞이하는데...", Sriram Raghavan ,2시간 19분,"스릴러,드라마,코미디,범죄,음악",['Netflix']
블랙독,YouTube No,2019,"기간제 교사가 된 사회 초년생 고하늘이 우리 삶의 축소판인 '학교'에서 꿈을 지키며 살아남기 위해 고군분투하는 이야기. 프레임 밖에서 바라본 학교가 아닌, 현실의 쓴맛을 누구보다 잘 아는 기간제 교사를 통해 그들의 진짜 속사정을 내밀하게 들여다본다. 기존의 학원물과 달리 교사를 전면에 내세워 베일에 싸인 그들의 세계를 밀도 있게 녹여내며 완벽하게 새로운 드라마의 탄생을 예고한다.",15,1시간 20분,드라마,['Netflix']
블랙리스트,YouTube No,2013,FBI 10대 수배범에 올라가있는 거물 범죄 브로커 레이먼드 레딩턴이 어느날 갑자기 FBI 본부에 나타나 자수를 한다. 그러면서 레딩턴은 자신이 1급 범죄자들의 블랙리스트를 가지고 있다면서 사법거래를 요구하고 그 조건으로 FBI의 신참 프로파일러인 엘리자베스 킨하고만 이야기 하겠다고 요구한다. 한편 암에 걸린 양아버지를 두면서 남편과 함께 아기의 입양을 꿈꾸며 행복하게 살고 있던 엘리자베스의 삶은 레딩턴과의 만남과 우연히 발견하게 된 남편의 가짜 여권들을 통해 급변하게 되는데...,15,43min,"드라마,스릴러,범죄","['Netflix', 'wavve']"
블랙코드,YouTube No,2015,"희대의 해킹 테러가 발생했다. 정치적, 금전적 요구도 없기에 사건의 윤곽조차 잡히지 않는 상황. 이에 복역 중인 천재 해커가 형량 거래를 대가로 미·중 공조 수사에 협조한다. 서서히 드러나는 사건의 실체. 하지만 이제 막 시작일 뿐.", Michael Mann ,2시간 13분,"스릴러,액션,범죄",['Netflix']
비상! 시어머니가 떴다,YouTube No,2022,팬데믹이 터진 뒤 아들네 가족과 함께 살게 된 참견쟁이 이자지르. 엄마와 아내 사이에서 갈팡질팡하는 아들과 라이벌인 며느리의 일상을 뒤집어 놓는다., Alex Cabral ,25min,코미디,['Netflix']
사내 맞선,YouTube No,2022,“부캐의 정체가 발각되면 본캐는 해고?” 얼굴 천재 능력남 CEO와 정체를 속인 맞선녀 직원의 스릴 가득 ‘퇴사 방지’ 오피스 로맨스,15,1시간 1분,"코미디,드라마","['Netflix', 'wavve']"
사이코패스,YouTube No,2012,"인간의 심리 상태나 성향을 측정해 수치화가 가능한 세계. 모든 감정, 욕망, 반사회적 심리 경향이 낱낱이 기록, 관리되어 대중들은 '이상적인 삶'의 지표가 되는 그 수치의 실현에 힘쓰고 있었다.

인간 본연의 마음, 개인의 정신 자체를 판정하는 기준으로 취급되는 이 계측치를 사람들은 속칭 'PSYCHO-PASS(사이코패스)'라 부르게 되었다. 범죄와 관련된 수치는 '범죄 계수'로 계측되며, 범죄자는 그 수치에 의거해 심판을 받게 된다.

치안 유지를 담당하는 형사들은 범인을 수사 및 체포하는 '집행관'과 집행관을 감시 및 지휘하는 '감시관'이 팀을 이뤄 활동한다. 높은 범죄 계수를 지녀 스스로가 범죄의 근원에 다가설 수 있는 수사관만이 우수한 '집행관'이 될 수 있다. 그와 동시에 '집행관'은 범죄자가 될 위험성도 있기에 냉정한 판단력을 갖춘 엘리트 '감시관'에 의해 활동을 감시 받는다.

공안국 형사과 1계에 소속된 멤버들은 각자의 생각을 가슴에 묻은 채로, 언제나 정의가 있는 곳을 내세우며 임무를 수행해야만 한다.

그들이 맞서 나가는 길 앞에서 그들을 기다리고 있는 것은…",15,27min,"SF,액션,애니메이션,전쟁,서부,범죄,스릴러","['Amazon Prime Video', 'Netflix', 'wavve']"
상견니,YouTube No,2019,"2년 전, 사랑하는 연인을 잃었다. 그리고 오늘, 17세 소녀로 깨어나 17세인 그를 다시 만났다. 다른 시공간에서 다른 이름으로 나타난 너. 꼭 한번 보고 싶다는 소원이 이렇게라도 이뤄진 걸까.",15,57min,"SF,드라마,로맨스","['Netflix', 'wavve', 'Watcha']"
샤이닝 걸스,YouTube No,2022,"잔혹한 공격을 당한 후 끊임없이 뒤바뀌는 현실을 겪게 된 커비 마즈라치는, 최근의 살인 사건이 그녀의 폭행 사건과 연결되어 있음을 알게 된다. 커비는 무한히 변화하는 현재를 이해하고 그녀의 과거를 마주하기 위해, 베테랑 기자인 댄 벨라스케스와 힘을 합친다.",15,1시간 0분,드라마,['Apple TV Plus']
설강화,YouTube No,2021,1987년 서울을 배경으로 어느 날 갑자기 여자 기숙사에 피투성이로 뛰어든 명문대생 수호와 서슬 퍼런 감시와 위기 속에서도 그를 감추고 치료해준 여대생 영초의 시대를 거스른 절절한 사랑 이야기,15,1시간 25분,"전쟁,범죄,드라마,로맨스,스릴러",['Disney Plus']
세브란스: 단절,YouTube No,2022,마크는 시술로 직장 생활과 사생활의 기억이 나뉜 사람들로 이루어진 부서의 팀장이다. 회사 밖에서 의문에 싸인 동료가 나타나면서 그들의 일에 대한 진실을 밝히는 여정이 시작된다.,12,48min,"SF,드라마,스릴러",['Apple TV Plus']
센과 치히로의 행방불명,YouTube No,2001,평범한 열 살 짜리 소녀 치히로 식구는 이사 가던 중 길을 잘못 들어 낡은 터널을 지나가게 된다. 터널 저편엔 폐허가 된 놀이공원이 있었고 그곳엔 이상한 기운이 흘렀다. 인기척 하나 없는 이 마을의 낯선 분위기에 불길한 기운을 느낀 치히로는 부모님에게 돌아가자고 조르지만 부모님은 호기심에 들떠 마을 곳곳을 돌아다니기 시작한다. 어느 음식점에 도착한 치히로의 부모님은 그 곳에 차려진 음식들을 보고 즐거워하며 허겁지겁 먹어대다가 돼지로 변해버린다. 겁에 질려 당황하는 치히로에게 낯선 소년 하쿠가 나타나 빨리 이곳을 나가라고 소리치는데..., Hayao Miyazaki ,2시간 5분,"판타지,가족,애니메이션",['Netflix']
셀링 선셋,YouTube No,2019,"LA 최고의 공인 중개 회사, 오펜하임 그룹의 엘리트가 다시 모였다. 최고급 주택과 화려한 삶을 파는 중개인들. 그들의 무기는 인맥, 모든 드라마가 거기에서 시작된다.",15,37min,RealityTV,['Netflix']
셰이프 오브 워터: 사랑의 모양,YouTube No,2017,"우주 개발 경쟁이 한창인 1960년대, 미 항공우주 연구센터의 비밀 실험실에서 일하는 언어장애를 지닌 청소부 엘라이자의 곁에는 수다스럽지만 믿음직한 동료 젤다와 서로를 보살펴주는 가난한 이웃집 화가 자일스가 있다. 어느 날 실험실에 온몸이 비늘로 덮인 괴생명체가 수조에 갇힌 채 들어오고, 엘라이자는 신비로운 그에게 이끌려 조금씩 다가가게 된다. 음악을 함께 들으며 서로 교감하는 모습을 목격한 호프스테틀러 박사는 생명체에게 지능 및 공감 능력이 있다는 사실을 알게 되는데...", Guillermo del Toro ,2시간 0분,"판타지,로맨스,SF,스릴러,드라마",['Disney Plus']
소년심판,YouTube No,2022,"소년범을 혐오하는 까칠한 판사가 지방법원 소년부에 부임한다. 복잡다단한 사건들을 다루며, 소년범에 대한 반감, 정의와 형벌에 대한 굳건한 신념 사이에서 균형을 잡아간다. 청소년 범죄율이 가장 높은 법원이라니 이제 법정의 칼바람은 예고된 것일까.",19,1시간 1분,"드라마,범죄",['Netflix']
소년탐정 김전일,YouTube No,1997,킨다이치 코스케의 손자인 고등학생 탐정 김전일의 이야기,15,24min,"애니메이션,스릴러,드라마,범죄,공포,액션","['Watcha', 'wavve']"
소드 아트 온라인,YouTube No,2012,"2022년. 인류는 마침내 완전한 가상 공간을 실현했다. 모든 게이머가 꿈꿔왔던 VRMMORPG (가상 대규모 온라인 롤 플레잉 게임)  ""소드 아트 온라인"" 이 정식 가동을 시작한다. 주인공은 소드 아트 온라인 플레이어인 키리토.  그는 SAO의 세계에서 플레이를 만끽하던 중 다른 1만 명의 플레이어와 함께 게임 마스터의 무자비한 선고를 듣는다. 100층까지 있다는 부유성 아인크라드의 정상을 정복해 게임을 클리어 하지 못하면 로그아웃을 할 수 없다고… 그리고 게임 오버는 현실 세계에서 ""죽음""을 의미한다고... 키리토는 재빨리 게임의 '진실'을 받아들이고 파티를 짜지 않는 솔로 플레이어로 끝이 보이지 않는 사투에 몸을 던진다.",15,23min,"SF,액션,애니메이션,드라마,서부,판타지,코미디,로맨스,스릴러","['Watcha', 'Netflix', 'wavve']"
"소울, 영혼, 그리고 여름",YouTube No,2021,"1969년 미국뿐만 아니라 전 세계적으로 화제를 불러일으켰던 음악축제 ′우드스탁′이 한창이던 여름날, 100마일 정도 떨어진 뉴욕시 외곽에서 ′할렘 컬쳐 페스티벌′이라는 음악 축제가 동시에 개최되었다. 스티비 원더, BB킹 등 그 당시 미국 음악계를 호령했던 뮤지션들의 공연과 30만이라는 어마어마한 관객들이 참여했던 이 페스티벌은 모두 녹화되었지만 단지 흑인들의 축제라는 이유로 그 어느 곳에서도 방영되지 못한 채 사장되고 말았다. 50년 후 을 통해 그 당시 생생했던 공연장면과 전국에서 몰려든 관객들의 환호와 갈채가 처음 공개된다. 마치 열광적인 공연을 본 것 같은 이 작품은 왜 그 당시 흑인 음악을 ′소울′이라고 불렀는지 여실히 보여준다. [제26회 부산국제영화제]", Questlove ,1시간 57분,"다큐멘터리,음악,역사",['Disney Plus']
쇼킹 패밀리,YouTube No,1999,"로드 아일랜드의 쿼호그라는 도시에서 살아가는 가장 피터, 아내 로이스, 장녀 메그, 차남 크리스, 막내 스튜이, 개 브라이언으로 이루어진 그리핀 가족과 그 주변인들의 일상을 다루고 있다.",19,24min,"코미디,애니메이션",['Disney Plus']
수퍼 소닉,YouTube No,2020,"소리보다 빠른 초고속 고슴도치 히어로 '소닉'은 지구에 불시착한다. 그의 특별한 능력을 감지한 과학자 ‘닥터 로보트닉’은 세계 정복의 야욕을 채우려 하고, 경찰관 ‘톰’은 위험에 빠진 ‘소닉’을 돕기 위해 나서는데…! 과연, ‘소닉'은 천재 악당에 맞서 지구를 지킬 수 있을까?", Jeff Fowler ,1시간 39분,"SF,액션,가족,판타지,애니메이션,범죄,코미디",['Netflix']
슈퍼걸,YouTube No,2015,재난을 막기 위해 자신의 초능력과 정체를 드러낸 카라 댄버스. 슈퍼맨의 사촌이자 슈퍼걸로 알려진 그녀가 내셔널 시티의 수호자로 나선다.,15,42min,"SF,드라마,액션",['Netflix']
스물다섯 스물하나,YouTube No,2022,꿈은 그저 꿈으로만 남을 것 같던 그 시절. 야심 찬 목표를 향해 달려가던 고등학교 펜싱선수가 무너진 삶을 다시 세우려 억척스럽게 살아가는 청년을 만난다.,15,1시간 16분,"드라마,로맨스",['Netflix']
스캄 프랑스,YouTube No,2018,프랑스 10대들의 사랑과 우정을 그린 이야기,15,22min,"드라마,로맨스","['Watcha', 'Netflix']"
스케치북,YouTube No,2022,재능 있는 아티스트 및 애니메이터의 작업 데스크와 그들의 삶을 엿볼 수 있는 교육적인 다큐멘터리 시리즈. 한 명의 아티스트가 대표적인 디즈니 캐릭터 하나를 맡아 어떻게 그리는지 알려주는 방식으로 각 에피소드가 구성되어 있다. 캐릭터 드로잉 단계를 따라가며 아티스트 각자의 이야기도 들어볼 수 있다. 그들은 어떻게 디즈니와 인연을 맺고 인생 캐릭터를 만나게 되었을까? 사랑받는 디즈니 캐릭터들이 스크린에서 생명을 얻게 되는 과정을 새로운 방식으로 조명하면서 보이는 캐릭터 뒤에 있는 진짜 캐릭터인 아티스트를 소개하는 《스케치북》. 연령에 상관없이 누구나 즐길 수 있는 이 특별한 다큐멘터리는  제작진이 선보인다.," Jason Sterman ,  Leanne Dare ,  Andrew McAllister ",22min,다큐멘터리,['Disney Plus']
스티브 지소와의 해저 생활,YouTube No,2004,"스티브 지소는 해양학자 겸 다큐멘터리 영화감독이다. 지금까지 7편의 해양 다큐멘터리를 만들었으며, 마지막 7편을 찍던 도중 지금껏 한번도 보지 못했던 괴물 상어에게 절친한 동료를 잃었다. 그러나, 이 중요한 장면은 그가 카메라를 놓치는 바람에 덩달아 놓치고 말았다. 스티브는 이 괴물 상어의 몸에 표범무늬가 있었다며 이를 표범상어라 이름짓고, 앞으로 제작할 8편에서는 그 상어를 찾아내 친구의 복수를 하고야 말겠다고 다짐한다. 하지만, 그의 말을 믿어주는 이는 아무도 없다. 예전에는 꽤 괜찮았던 시절이 있었다. 사람들의 관심도 많았고, 언론도 호의적이었다. 하지만, 이제는 아무도 그의 영화에 돈을 대려고 하지 않는다. 이 때 네드 플린턴이라는 청년이 등장한다. 얼마전 암으로 사망한 그의 어머니 말에 따르면 스티브 지소가 네드의 생물학적 아버지라고 한다. 스티브 지소는 생전 처음 본 청년이 자신의 아들이란 사실에 얼떨떨하지만 그는 네드에게 지소 팀에 합류할 것을 권한다. 그리고, 네드가 유산을 다큐멘터리에 투자한 덕분에 자금 모집은 수월하게 해결되고, 마침내 제8편을 위한 항해가 시작되는데...", Wes Anderson ,1시간 59분,"드라마,로맨스,액션,코미디",['Disney Plus']
스파이 패밀리,YouTube No,2022,"사람은 누구나 아무에게도 보여줄 수 없는 자신을 갖고 있다.

세계 각국이 물밑에서 치열하게 정보전을 펼치는 시대.

오스타니아와 웨스탈리스는 십수 년간에 걸쳐 냉전 상태에 있었다.

웨스탈리스의 정보국 대동과 'WISE' 소속의 수완가 스파이인 '황혼' 은 동서 평화를 위협하는 위험인물, 오스타니아의 국가통일당 총재 도노반 데스몬드의 동향을 살피기 위해 어떤 극비 임무를 수행하게 된다.

그 이름은 오퍼레이션 '올빼미'.

임무 내용은 ""일주일 이내에 가족을 만들어, 데스몬드의 아들이 다니는 명문 학교의 친목회에 잠입하라"".

'황혼' 은 정신과 의사 로이드 포저로 위장하고 가족을 만들게 된다.

하지만, 그가 만난 딸 아냐는 마음을 읽을 수 있는 초능력자, 아내 요르는 암살자였다!

3명의 이해가 일치하여 서로 정체를 숨기면서 함께 생활하게 되는데.

해프닝 연속인 임시 가족에게,  세계의 평화는 맡겨졌다...",15,24min,"액션,범죄",['Netflix']
슬로 호시스,YouTube No,2022,이 재기 넘치는 첩보 드라마는 무능력한 MI5 요원들로 구성된 팀과 혐오스러운 팀장 잭슨 램이 사악한 세력으로부터 영국을 지키기 위해 첩보 세계의 연막과 은폐를 파헤치는 과정을 보여 준다.,15,47min,"드라마,스릴러,코미디",['Apple TV Plus']
시스터즈,YouTube No,2015,오랫동안 떨어져 지낸 제인(티나 페이)과 모라(에이미 포엘러)의 부모는 본가를 팔기 전 두 자매를 집으로 불러들인다. 제인과 모라는 본가에서의 마지막 파티를 계획하고 고등학교 친구들을 초대한다., Jason Moore ,1시간 58분,"코미디,MadeinEurope",['Netflix']
시카리오:  암살자의 도시,YouTube No,2015,미국과 멕시코의 국경지역 후아레즈는 멕시코 최대 마약조직의 본거지이자 온갖 범죄의 온상지. FBI 요원 케이트는 어린이 납치사건을 수사하다가 멕시코 마약조직의 정체를 알게 되고 CIA가 계획하는 마약조직 소탕작전에 자원한다. 그곳에서 소탕작전을 이끄는 책임자 맷과 멕시코 검사 출신의 알레한드로를 만난다. 작전이 전개되면서 수사는 법의 테두리를 넘지 말아야 한다는 케이트의 정의와 원칙은 수단과 방법을 가리지 않고 임무를 완수하려는 맷과 개인적인 복수를 위해 작전에 개입한 알레한드로 때문에 흔들린다., Denis Villeneuve ,2시간 2분,"스릴러,범죄,드라마,액션","['Netflix', 'wavve']"
식스 센스,YouTube No,1999,"아동 심리학자인 크로우 박사(브루스 윌리스)는 필라델피아 주지사에게 아동을 위해 기여했다는 공로로 상을 받는다. 그날 밤, 부인과 함께 2층에 올라간 말콤 박사는 낯선 침입자를 발견하게 된다. 그 침입자는 몇 년 전 말콤 박사가 치료를 맡았던 '빈센트 그레이'라는 환자인데, 박사는 그에게 총상을 입고 그는 자살한다. 이듬 해 가을, 총상에서 회복한 크로우 박사는 '콜 시어'라는 자폐증에 걸린 8살 된 소년의 정신 치료를 맡게 된다. 콜은 처음엔 쉽게 마음을 열지 않다가 박사의 계속된 노력으로 누구에게도 말하지 않은 비밀을 말한다. 즉 콜은 항상 귀신들이 보이며, 귀신들은 자신이 죽었는지조차 모르고, 보고 싶은 것만 본다고 이야기한다. 박사는 쉽게 믿으려 하지를 않고 마침 부인의 외도를 목격한 후 콜의 치료를 포기하려고 한다. 그러다가 박사는 옛 환자였던 빈센트와의 상담 녹음 테잎에서 귀신의 소리인 듯한 소리를 듣게 되고 콜을 찾아가 콜이 귀신에 대한 공포를 이겨내는 걸 돕게 된다.", M. Night Shyamalan ,1시간 47분,"스릴러,드라마",['Disney Plus']
실버턴 포위 작전,YouTube No,2022,남아공 인종차별 정책에 저항해 파괴 공작을 감행하는 자유 투사 3인방. 작전에 실패한 그들이 은행에서 숨 막히는 인질극을 벌이게 된 까닭은 무엇일까. 실화에 바탕을 둔 이야기.," Mandlakayise Walter Dube, Jr. ",1시간 40분,"드라마,범죄,스릴러,액션",['Netflix']
심슨 가족,YouTube No,1989,"1989년 12월 FOX에서 방영을 시작한 애니메이션. 미국의 스프링필드를 배경으로 먹는 걸 유난히 밝히고 게으르며 독특한 성격의 가장 호머, 항상 사고만 치고 다니는 남편과 아이들의 뒤치다꺼리를 도맡아 하는 엄마 마지, 하루라도 장난을 치지 않고 넘어가는 날이 없는 장난꾸러기 아들 바트, 나이에 비해 꽤나 어른스럽고 똑똑한 리사, 그리고 말은 한마디도 못하지만 의외의 대활약을 보여주는 막내 메기 등 각각의 개성 만점 가족 구성원들이 펼치는 극적인 하루하루를 그리고 있다.",15,27min,"애니메이션,코미디",['Disney Plus']
쓰리 빌보드,YouTube No,2017,"범인을 잡지 못한 딸의 살인 사건에 세상의 관심이 사라지자, 엄마 밀드레드는 아무도 사용하지 않는 마을 외곽 대형 광고판에 도발적인 세 줄의 광고를 실어 메시지를 전한다. 마을 사람들을 모두 놀라게 한 밀드레드의 세 개의 메시지로 인해, 지역 방송에서 살인 사건이 다시 회자되는 등 그녀의 의도대로 세상 사람들의 이목을 끌게 된다. 마을의 존경 받는 경찰서장 월러비와 경찰관 딕슨은 무능한 경찰로 낙인찍히고, 조용한 마을의 평화를 바라는 이웃 주민들은 경찰의 편에 서서 그녀와 맞서기 시작하는데...", Martin McDonagh ,1시간 56분,"범죄,드라마,코미디",['Disney Plus']
아는 형님,YouTube No,2015,"2015년 12월 JTBC에서 방영을 시작한 버라이어티 쇼. 세상의 모든 질문을 그들만의 방식으로 풀어주는 아는 형님. 인생을 살다 보면 마주치게 되는 사소하지만 궁금해 견딜 수 없는 질문들. 그럴 땐 질문하라. 아는 형님이 답할 것이다. 나이도, 출신도, 성격도, 외모도 전혀 다르지만 인생 좀 살아 본, 그래서 인생을 좀 아는 형님들이 모여 그들만의 방식으로 추측하고 실험하고 전해주는 아는 형님만의 인생 해답. 지금부터 우리에게 속 시원한 답을 주기 위해 벌이는 형님들의 고군분투가 시작된다.",15,1시간 32분,"RealityTV,코미디",['Disney Plus']
아메리칸 크라임 스토리,YouTube No,2016,"미국에서 발생한 유명 범죄 사건을 극화한 시리즈. O.J. 심슨 재판, 앤드류 쿠내넌의 연쇄 살인을 다룬다. 범행을 포함, 당시 미국 사회의 단면을 첨예하게 보여주는 연작.",19,55min,"범죄,드라마",['Disney Plus']
아메리칸 호러 스토리,YouTube No,2011,'공포'라는 주제로 시즌마다 다른 이야기를 풀어가는 앤솔로지 시리즈. 인간이 가지고 있는 사악한 근성을 탐구하는 동시에 인간이 느끼는 초자연적 두려움과 일상 속의 공포를 조명한다.,19,45min,"SF,드라마,스릴러,범죄,공포",['Disney Plus']
야차,YouTube No,2022,비밀공작팀과 팀의 악명 높은 리더를 감찰하기 위해 위험천만한 도시로 날아간 검사. 정직하게 살아온 그가 스파이들 사이의 치명적인 전쟁 속으로 뛰어든다., Na Hyun ,2시간 5분,"액션,범죄,스릴러",['Netflix']
야카모즈 S-245,YouTube No,2022,재난이 닥친 지구에서 해저 탐사를 떠난 해양 생물학자. 이제 동료들과 함께 살기 위한 사투를 벌여야 하는데. 그와 함께 어두운 음모가 수면 위로 드러난다.,15,48min,"SF,액션,드라마,스릴러",['Netflix']
어둠의 나날,YouTube No,2019,"먼 미래, 살아남은 인류는 시력을 잃었다. 그렇게 시력이 전설적인 능력으로 여겨지던 어느 날, 시력이 있는 쌍둥이가 태어난다. 아버지 역의 제이슨 모모아는 쌍둥이를 해치려는 위협적인 여왕으로부터 부족을 보호해야 한다.",19,55min,"SF,액션,드라마",['Apple TV Plus']
언더워터,YouTube No,2020,"30일 동안 해저 시추 시설에서 엄청난 압력을 견디며 바다의 밑바닥을 뚫어야 하는 캐플러 기지의 대원들. 어느 날, 큰 지진으로 콘크리트 구조물을 뚫고 급류가 들이 닥쳐 기지는 순식간에 파괴되고 대혼란이 일어난다. 갑작스런 대재앙 속에서 가까스로 살아남은 대원들은 전기 엔지니어 노라를 비롯한 5명. 이들이 시도해 볼 수 있는 유일한 방법은 또 다른 해저 기지 ‘로우벅’으로 이동해 탈출 포트를 찾는 것 뿐. 하지만 어두운 심해엔 그들만이 존재하는 것이 아니었다. 무언가 그들을 바짝 따라오고 있다. 불가사의한 포식자와 쫓고 쫓기는 위험천만한 게임에 갇혀버린 대원들. 살아남기 위해선 남은 용기를 전부 쥐어 짜내야만 한다.", William Eubank ,1시간 35분,"스릴러,공포,SF,액션,드라마",['Disney Plus']
언페이스풀,YouTube No,2002,"결혼 10년차 부부 에드워드 섬너와 코니 섬너. 8살 아들과 함께 뉴욕 교외에 살고 있는 이 부부는 무엇하나 부러울 것 없는 이상적이고 행복한 삶을 영위하고 있다. 그러던 어느날, 뉴욕 시내로 쇼핑을 나갔던 코니가 우연히 사고를 당하게 되고, 폴 마텔이라는 젊은 프랑스 남자가 치료를 자처한다. 처음에는 견제의 눈길을 감추지 못하던 코니도 어딘지 모를 폴의 신비스런 매력에 긴장을 풀게 된다. 다시 일상으로 돌아온 코니. 사랑하는 남편과 아들이 곁에 있지만 문득문득 떠오르는 폴의 웃음과 말투에 다시 한번 폴을 만나겠다는 결심을 하게 되고, 이렇게 폴과 코니는 위험스럽게 서로에게 탐닉하게 되는데.", Adrian Lyne ,2시간 4분,"스릴러,드라마,로맨스","['Netflix', 'Amazon Prime Video']"
엘리트들,YouTube No,2018,애초부터 어울리지 않는 옷이었을까. 스페인 최고의 명문 사립 학교에 전학 오게 된 세 명의 평범한 아이들. 행운을 붙잡은 줄 알았던 이들은 살인 사건에 깊이 연루된다.,19,48min,"범죄,드라마,스릴러",['Netflix']
엽기적인 그녀,YouTube No,2001,"어느 밤, 전철에서 술에 취한 그녀를 지켜보던 견우. 그런데 그녀가 옆에 있던 아저씨의 머리에 구토를 해 전철은 아수라장이 되고, 급기야 그녀는 견우를 전 남자친구로 착각하는데...", Kwak Jae-yong ,2시간 3분,"로맨스,코미디,드라마","['Netflix', 'wavve', 'Watcha']"
오리엔트 특급 살인,YouTube No,2017,"세계적 명탐정 에르큘 포와로는 사건 의뢰를 받고 이스탄불에서 런던으로 향하는 초호화 열차인 오리엔트 특급열차에 탑승한다. 지인의 배려로 초호화 열차 오리엔트 특급에 급하게 좌석을 마련한 에르큘 포와로는 잠깐의 휴식을 즐기려 하지만 폭설로 열차가 멈춰선 밤, 승객 한 명이 잔인하게 살해당하는 사건이 발생하게 된다. 기차 안에서 벌어진 밀실 살인, 완벽한 알리바이를 가진 13명의 용의자. 포와로는 현장에 남겨진 단서와 용의자들의 증언을 토대로 미궁에 빠진 사건 속 진실을 찾기 위한 추리를 시작하게 되는데...", Kenneth Branagh ,1시간 54분,"범죄,드라마,스릴러",['Disney Plus']
오버로드,YouTube No,2015,"가상 세계에서 현실처럼 플레이하는 체감형 게임, 통칭 DMMO-RPG의 전성기 2138년.

2126년에 발매된 《위그드라실》은 DMMO-RPG들 중에서도 방대한 맵과 엄청나게 높은 플레이어 자유도로 인해 국내에서 폭발적인 인기를 얻었고 DMMO-RPG의 붐을 일으킨 장본인이다.  그러나 12년이 지난 지금 조용히 서비스를 종료할 예정이었다.

위그드라실의 최강 마법사, 모몬가는 쓸쓸히 나자릭 지하대분묘에서 종료시간을 기다리고 있었다.  그러나 종료시간을 넘어도 로그아웃되지 않고, NPC들도 갑자기 의지를 가지기 시작하는데.

그의 앞에는 이제껏 본 적 없었던 이세계가 펼쳐지게 된다…!", Naoyuki Itou ,23min,"SF,액션,판타지,애니메이션","['Netflix', 'wavve']"
오빌,YouTube No,2017,"400년 후의 미래, 지구의 성간 함대 소속의 그다지 특별할 거 없는 탐험선 오빌호(Orville)의 모험을 그린 코믹 드라마.",15,45min,"SF,코미디,드라마",['Disney Plus']
오자크,YouTube No,2017,"시카고의 잘나가는 재무 컨설턴트 마티는 가족과 함께 미주리 주 오자크로 이사한다. 목적은 하나, 파트너가 횡령한 마약 조직의 돈 5억 달러를 돈세탁하는 것.",19,1시간 0분,"범죄,드라마,스릴러",['Netflix']
올웨이즈 샤인,YouTube No,2016,"친구 사이인 두 여배우. 한 사람만 배우로 잘나가는 가운데, 우정을 회복하려 여행길에 오른다. 두 친구는 곪아 터진 분노를 드러내지 않고 지나칠 수 있을까?", Sophia Takal ,1시간 25분,"스릴러,드라마,공포",['Netflix']
우리들의 블루스,YouTube No,2022,"사랑은 달콤하면서도 씁쓸하고, 인생은 좋을 때도 슬플 때도 있는 법. 바쁘게 돌아가는 섬 제주에서 하루하루 살아가는 우리들의 이야기가 펼쳐진다. 인생의 끝자락 혹은 절정, 시작에 서 있는 모든 삶에 대한 응원을 담은 드라마.",15,1시간 8분,드라마,['Netflix']
우린폭망했다,YouTube No,2022,"실제 사건에서 영감을 받은 이야기, 그리고 그 모든 중심에는 사랑이 있다. '위워크'는 10년도 안 되어 단 하나의 공유 사무실에서 470억 달러 가치의 국제 브랜드로 성장했으나, 채 1년도 안 되어 400억 달러를 잃었다. 과연 무슨 일이 있었던 걸까?",12,53min,드라마,['Apple TV Plus']
울트라맨,YouTube No,2019,"빛의 거인이 괴수를 물리친 지 수십 년. 새로운 외계인이 지구를 위협한다. 강력한 적 앞에 다시 선 인류의 희망은 하나. 잠든 영웅이여, 울트라맨의 후계자여, 눈을 떠라!",15,24min,"SF,애니메이션,액션,드라마,판타지",['wavve']
워킹 데드,YouTube No,2010,"2010년 10월 AMC에서 방영을 시작한 좀비 아포칼립스물. 조지아 주의 보안관 릭은 범인 검거 중에 총상을 입고 혼수상태에 빠진다. 어느 날 혼수 상태에서 깨어난 릭은 폐허가 되어 버린 세상이 좀비들로 뒤덮여 있는 것을 발견한다. 쇠약해진 몸으로 병원을 빠져나온 릭은 워커라고 불리는 좀비들을 피해 생존자를 찾아다니고, 마을의 생존자 모건 부자의 도움을 받아 건강을 회복한 후 아내 로리와 아들 칼을 찾으러 애틀랜타로 떠나지만, 릭을 반긴 것은 셀 수 없이 많은 워커 무리들. 간신히 전차 내부로 피신한 릭을 백화점에 숨어있던 생존자 일행이 도와서 겨우 전차에서 빠져나오는데...",19,46min,"액션,드라마,SF,스릴러,공포","['Disney Plus', 'Netflix']"
원스 어폰 어 타임 인… 할리우드,YouTube No,2019,"자유의 바람이 불던 1969년 할리우드, 잊혀져 가는 액션스타 릭 달튼과 그의 스턴트 배우 겸 매니저인 클리프 부스는 과거의 영광을 되찾기 위해 고군분투하지만 새로운 스타들에 밀려 큰 성과를 거두진 못한다. 어느 날 릭의 옆집에 할리우드에서 가장 핫한 로만 폴란스키 감독과 배우 샤론 테이트 부부가 이사 오자 릭은 새로운 기회가 생길 수도 있다고 기뻐하지만 인사조차 나누지 못한다. 형편상 더 이상 함께 일할 수 없게 된 릭과 클리프는 각자의 길을 가기로 하고 릭의 집에서 술을 거나하게 마시던 중 뜻하지 않은 낯선 방문객을 맞이하게 되는데…", Quentin Tarantino ,2시간 41분,"스릴러,코미디,드라마",['Netflix']
원헌드레드,YouTube No,2014,"지구가 핵전쟁으로 황폐해지고 한 세기의 시간이 흐른 뒤, 우주 정거장에 살던 사람들 100명이 인류의 생존 가능성을 알아내기 위해 지구로 보내진다.",15,42min,"드라마,액션,SF",['Netflix']
월-E,YouTube No,2008,"텅 빈 지구에 홀로 남아 수백 년이란 시간을 외롭게 일만 하며 보내던 월-E (WALL-E: Waste Allocation Load Lifter Earth-Class, 지구 폐기물 수거-처리용 로봇). 그런 그가 매력적인 탐사 로봇 ‘이브’와 마주친 순간, 잡동사니 수집만이 낙이던 인생에도 소중한 목표가 생긴다. 이브는 지구의 미래를 결정할 열쇠가 우연히 월-E의 손에 들어간 사실을 알게 되고, 고향별로 돌아갈 날만 애타게 기다리는 인간들에게 이를 보고하기 위해 서둘러 우주로 향한다. 한편 월-E는 이브를 뒤쫓아 은하를 가로지르며, 스크린 사상 가장 짜릿한 상상이 넘치는 어드벤처를 선사한다. 이제껏 꿈에서도 볼 수 없었던 미래 세계를 배경으로 우주에서 펼쳐지는 월-E의 환상적인 모험! 애완용 바퀴벌레, 용맹스럽지만 어딘가 나사가 빠진 듯한 사회 부적응 로봇 군단 등 일련의 유쾌한 캐릭터들이 여기에 동참한다.", Andrew Stanton ,1시간 38분,"SF,애니메이션,가족,판타지,로맨스",['Disney Plus']
위기의 주부들,YouTube No,2004,"이곳은 위스테리아가. 전형적인 미국의 완벽한 교외 거리처럼 보이지만 근사한 집과 울타리 너머를 보면 균열이 눈에 띄기 시작한다. 최근까지 이 동네에 살던 메리 앨리스는 자신의 목숨을 끊었다. 고인이 된 그녀는 위스테리아가의 이웃과 친구들이었던 브리, 이디, 가브리엘, 르넷과 수잔의 비밀을 벗겨낸다.",15,43min,"스릴러,드라마,코미디,로맨스",['Disney Plus']
위대한 쇼맨,YouTube No,2017,"바넘은 가난한 재단사의 아들이었다. 아버지까지 병으로 죽자 그는 고아로서 힘겨운 삶을 보내야 했지만, 그에게는 채리티와 사랑을 이루겠다는 꿈이 있었다. 결국 채리티와 결혼을 한 바넘은 환상의 세계를 보여주겠다는 자신의 또 다른 꿈을 이루기 위해 특별한 쇼를 연다. 쇼는 성공적이었지만, 진실이 없다는 언론의 평가와 저질 쇼라는 사람들의 비난에 상심한 바넘은 상류층까지 좋아할 수 있는 쇼를 기획하기 위해 상류층 연극인 필립을 영입한다. 필립과 함께 유럽 제일의 오페라 가수 제니를 만난 바넘은 제니에게 매료되어 가족과 동료들을 외면하고 상류사회에 편입되기를 희망한다.", Michael Gracey ,1시간 45분,드라마,['Disney Plus']
이별 테라피,YouTube No,2021,괴짜 연애 상담가 셀비는 특이한 상담으로 유명하다. 하지만 결별하려고 도움을 청하는 엘리아스와 말레나를 환자로 받으며 난관에 봉착한다.,19,38min,"드라마,코미디",['Disney Plus']
이태원 클라쓰,YouTube No,2020,"불합리한 세상 속, 고집과 객기로 뭉친 청춘들의 ‘힙’한 반란이 시작된다. 세계를 압축해 놓은 듯 한 이태원. 이 작은 거리, 각자의 가치관으로 자유를 쫓는 그들의 창업 신화. 박새로이는 무릎 한 번을 꿇지 못해서 고등학교 중퇴, 전과자가 되었다. 재벌의 갑질로 인해 꿈, 가족 모두를 잃고 끝없는 나락 속에서 우연히 걷게 된 이태원 거리. 다양한 인종, 느낌 있는 이국적인 건축물, 자유로운 사람들, 각국의 맛있는 요리들. 세계가 압축된 듯한 이태원에서 자유를 느낀 그는, 다시금 희망을 품고 반해버린 이곳 이태원 골목에서 뜻이 맞는 동료들과 창업을 시작한다.",15,1시간 10분,"드라마,로맨스",['Netflix']
전생했더니 슬라임이었던 건에 대하여,YouTube No,2018,"어느 날 갑자기 나타난 괴한에게 습격당해 목숨을 잃은 미카미 사토루는 천문학적 확률로 이세계에 전생한다.

그러나 왜인지 전생한 모습은, 최약체 몬스터로 유명한 슬라임이었다!

이런 건 인정 못 해?! 라고 말하면서도 낯선 동굴에서 즐거운 슬라임 라이프를 만끽하지만...

천재급 드래곤 『폭풍룡 베루도라』와 만남으로써, 운명의 수레바퀴는 움직이기 시작했다.

몬스터 전생 판타지, 시작!",15,23min,"액션,SF,코미디,판타지,애니메이션","['Watcha', 'Netflix', 'wavve']"
제이컵을 위하여,YouTube No,2020,"충격적인 범죄가 매사추세츠주의 한 작은 마을, 그중에서도 특히 한 가족을 흔들어 놓는다. 아들이 같은 반 친구를 살해한 혐의로 기소되면서 한 가족의 삶이 걷잡을 수 없는 혼란에 빠진다. 지방 검사보는 정의를 수호하겠다는 서약과 아들에 대한 무조건적인 사랑 사이에서 하나를 선택해야만 한다.",12,51min,"드라마,범죄,스릴러",['Apple TV Plus']
조조 래빗,YouTube No,2019,"전쟁이 막바지에 접어든 1940년대 독일, 엄마 로지와 단둘이 살고 있는 10살 소년 조조는 독일 소년단에 입단한다. 상상 속 친구 히틀러의 응원에 힘입어 소년단 생활을 시작한 조조는 나약한 모습으로 단원 사이에서 놀림거리가 되고 만다. 설상가상으로 조조는 수류탄 사고까지 일으키며 얼굴과 다리에 부상을 입는다. 그렇게 히틀러의 멋진 경호원이 되겠다는 부푼 꿈이 물거품으로 돌아갈 때쯤, 조조는 자신의 집 벽장 안에 숨어 지내던 유대인 소녀 엘사와 마주치게 되는데...", Taika Waititi ,1시간 48분,"전쟁,드라마,코미디,MadeinEurope",['Disney Plus']
죠스,YouTube No,1975,"뉴 잉글랜드의 작은 해안 피서지 애미티(Amity). 아주 평화로운 바닷가 마을로, 우정이란 뜻을 가진 이 마을은 전형적인 작은 바닷가 마을이다. 이곳은 여름 피서객들을 상대로 하는 것이 마을 수입의 전부다. 여름이 되어 막 해수욕장이 개장하기에 앞서 한 무리의 젊은이들이 한밤의 백사장에서 캠프파이어를 하며 젊음을 불태우고 있다. 이때 한 여자가 옷을 하나씩 벗어 던지면 모래밭을 달려가더니 바다로 헤엄쳐 들어간다. 달빛 아래 바다. 하지만 그 여자는 갑자기 무언가에 물리기라도 한 것처럼 바닷물 속으로 빨려 들어가더니 사라져버린다.  다음날, 바닷물을 싫어하는 도시 출신의 브로디 경찰서장이 전화를 받는다. 여자의 시체가 발견되었다는 것. 악어나 상어에게 묻어 뜯긴 게 분명한 그 시체는 찢겨져 있었고, 그는 즉시 해안을 폐쇄한다. 하지만, 마을의 책임자인 시장은 이 마을은 피서객들로 돈을 버는 곳이데 어떻게 하려고 그러느냐면서, 해안 경비를 강화하고, 감시 속에서 여름 해수욕장을 개장시킨다.  하지만 결국 일은 터지고, 한 소년이 상어의 습격을 받게 된다. 이제 이 마을은 상어의 공포에 휩싸이게 된다. 상어에 현상금이 붙자 상어사냥꾼들이 몰려든다. 하지만 다들 별볼 일 없이 그저 상금만 노리고 온 사람들이다. 그러나 그중에 두 명의 전문가가 찾아온다. 바로 상어 박사인 마틴 후퍼와 이 마을의 어부이자 카리스마 넘치는 퀸터 선장이 그들이다. 결국 브로디 서장과 퀸터 선장, 매트 박사는 배를 타고 바다로 나가 상어 사냥에 나서는데...", Steven Spielberg ,2시간 4분,"액션,공포,스릴러,드라마",['Netflix']
죽어야 사는 여자,YouTube No,1992,"1978년의 브로드웨이. 매들린(Madeline Ashton: 메릴 스트립 분)은 인기가 사라져가는 뮤지컬 스타이다. 그러던 그녀에게 어렸을 적 앙숙인 헬렌(Helen Sharp: 골디 혼 분) 자기 약혼자 멘빌 박사(Ernest Menville: 브루스 윌리스 분)와 함께 나타난다. 매들린의 연기를 본 박사는 그녀를 한 눈에 좋아하게 되었고 그런 약혼자가 헬렌은 못 미더울 뿐이다. 늘 남자 친구를 매들린에게 뺏겨온 헬렌, 결국 이번에도 박사는 매들린과 결혼하고 만다. 정신적 충격에 매일 매들린이 죽는 비디오만을 보던 헬렌은 비만이 되어 정신병원에 갇히게 된다.    그러던 어느날 갑자기 매들린을 죽이겠다는 마음을 먹게 되고 그로부터 7년 후 매들린은 헬렌에게서 출판 기념 파티 초대장을 받는다. 처녀처럼 미끈해진 헬렌의 모습에 충격을 받은 매들린은 미용실에서 소개한 75살의 나이에도 젊고 아름다운 신비의 여인(Lisle Von Rhoman: 이사벨라 로셀리니 분)에게 큰돈을 주고 젊음의 묘약을 마신다. 한편 헬렌은 멜빈 박사에게 매들린을 죽일 음모를 얘기하고 집에 돌아온 매들린과 맨빌 박사는 다툼끝에 그만 매들린을 계단밑으로 밀어내려, 숨지게 만든다.    그후 헬렌에게 전화해 구원요청을 하는데, 갑자기 뒤에서 목이 삐뚤어진 매들린이 일어나 걷는 것이었다. 매들린의 죽음을 확인하러 온 헬렌은 박사와 음모한 걸 큰소리로 떠들다 매들린에게 들켜 배에 총상을 입게 되지만 배에 큰 바람 구멍만 뚫어진채 걸어다니는 것이었다. 배들린은 헬렌도 영원히 산다는 묘약을 마신걸 알게 되고, 둘은 화해한다. 기적이 아닌 묘약 때문에 둘이 산 것임을 안 박사는 둘의 곁을 떠나려하지만 헬렌과 매들린은 그를 신비의 여인에게 데려가 약을 먹이려 한다. 그러나 약을 거부한 박사는 그곳을 도망쳐 버린다. 37년후 그의 장례식에서 영원히 산다는 것의 진정한 의미를 깨닫게 된다.", Robert Zemeckis ,1시간 44분,"판타지,공포,코미디",['Netflix']
죽은 시인의 사회,YouTube No,1989,"1859년에 창립된 미국의 명문 사립학교인 웰튼 고등학교의 새 학기를 맞아 신입생들도 들어오고, 이 학교 출신인 새로운 영어 교사 존 키팅(로빈 윌리엄스)도 부임한다. 키팅 선생은 학생들에게 관습에 맞서고 자신의 삶을 남다르게 가꾸라며 새로운 학습 방법으로 학생들을 지도하며 학생들에게 신선한 충격을 준다. 닐(로버트 숀 레오나드)은 키팅 선생을 캡틴이라 부르며 따르게 되고, 몇몇 학생들과 함께 죽은 시인의 사회라는 시낭독 클럽을 조직한다. 닐과 그의 친구들은 엄격한 학교 규율을 어기고 서클에 참여하면서 키팅 선생을 통해 참된 인생이 무엇인지를 조금씩 느끼게 되는데...", Peter Weir ,2시간 8분,"드라마,코미디",['Disney Plus']
지구 밖 소년소녀,YouTube No,2022,"2045년, 달에서 태어난 두 아이와 지구에서 온 세 학생이 탄 우주 정거장에서 사고가 발생한다. 지구 밖에서 조난당한 다섯 소년소녀. 이제부터 아이들만의 우주 생존기가 시작된다.",12,32min,"액션,SF,드라마,판타지,애니메이션",['Netflix']
지구상의 위대한 국립공원,YouTube No,2022,지구상에서 가장 화려한 장관을 자랑하는 국립공원들의 모습을 담았다. 버락 오바마 전 대통령이 내레이션을 맡은 경이로운 다큐시리즈.,ALL,52min,다큐멘터리,['Netflix']
지정생존자,YouTube No,2016,무자비한 폭탄 테러로 삽시간에 아수라장이 된 워싱턴. 주목받지 못하던 장관 톰 커크먼이 혼돈의 정부를 책임지고 나아가는 수밖에 없다. 사상 최악의 위기에 빠진 미합중국을 무사히 이끌어야 할 막중한 책임이 그에게 주어진다.,15,44min,"전쟁,액션,드라마,스릴러",['Netflix']
초록 달걀과 햄,YouTube No,2019,"놀라움으로 가득한 변덕스러운 세상 속, 극과 극의 두 친구 가이와 샘이 만났다. 그럼 이제 근사한 음식을 즐기며 우정이라는 낯선 세계를 탐험해 볼까?",12,28min,"액션,판타지,로맨스,코미디,가족,애니메이션,드라마",['Netflix']
추즈 오어 다이,YouTube No,2022,"주인 없는 상금의 유혹에 솔깃해진 두 친구. 정체 모를 80년대 비디오게임을 재작동시킨 뒤, 차원이 다른 공포로 얼룩진 비현실적인 세계로 들어선다.", Toby Meakins ,1시간 25분,"공포,스릴러,드라마",['Netflix']
출구는 없다,YouTube No,2022,어머니가 위독하다는 소식을 듣고 가족에게 가던 다비는 눈보라 때문에 낯선 이들과 고속도로 휴게소로 대피한다. 주차장의 밴에서 납치된 소녀를 본 다비는 납치범을 찾아 사투를 벌인다., Damien Power ,1시간 36분,"스릴러,공포,드라마",['Disney Plus']
캐롤,YouTube No,2015,"1950년대 뉴욕, 맨해튼 백화점 점원인 테레즈와 손님으로 찾아온 캐롤은 처음 만난 순간부터 거부할 수 없는 강한 끌림을 느낀다. 하나뿐인 딸을 두고 이혼 소송 중인 캐롤과 헌신적인 남자친구가 있지만 확신이 없던 테레즈, 각자의 상황을 잊을 만큼 통제할 수 없이 서로에게 빠져드는 감정의 혼란 속에서 둘은 확신하게 된다. 인생의 마지막에, 그리고 처음으로 찾아온 진짜 사랑임을…", Todd Haynes ,1시간 58분,"드라마,로맨스,MadeinEurope",['Netflix']
캐슬,YouTube No,2009,유명 추리작가의 소설에 나온 살인 방법을 재현한 사건이 일어나면서 그 작가인 리처드 캐슬이 뉴욕 경찰 강력계 형사인 케이트 베켓의 수사를 도우면서 독특한 파트너 관계가 형성된다.,15,45min,"범죄,코미디,드라마,로맨스",['Disney Plus']
커뮤니티,YouTube No,2009,"학위 때문에 변호사 면허를 정지당한 제프는 지역 커뮤니티 대학에 들어가고, 그곳에서 독특한 구성원들로 이루어진 스터디 그룹과 함께 대학생활을 하게 된다.",15,23min,코미디,"['Netflix', 'Watcha']"
코라의 전설,YouTube No,2012,"강한 성격을 가진 물의 부족 출신 아바타, 코라는 모든 벤딩 기술을 마스터하고 마지막 요소인 에어벤딩을 배우기 위해 공화국 시로 떠난다. 모든 나라의 벤더들이 공존하여 4개 국가의 통일을 상징하는 곳. 아앙과 주코가 세운 이 도시는 활기 넘치고 번창한 곳이지만 가진 자들의 횡포 또한 넘쳐난다. 이에 코라는 그 불합리함에 저항하기 시작하고 이 과정에서 곧 모든 벤더들을 없애려는 비밀 세력들이 존재함을 알게 된다. 강력한 벤딩과 뛰어난 지혜를 가진 코라, 과연 벤더와 비벤더의 갈등을 없애고 평화롭고 조화로운 세계를 만들 수 있을까?",7,23min,"SF,코미디,드라마,가족,판타지,애니메이션,액션",['Netflix']
콜 미 바이 유어 네임,YouTube No,2017,"17살 소년 엘리오의 가족은 매년 여름 손님을 받는다. 엘리오의 아버지 펄먼 교수의 일을 돕는 보조 연구원은 6주 동안 이곳에 머물며 사람들과 어울리고 자유로운 식사, 일광욕과 수영을 즐긴다. 올해 집을 찾은 24살 올리버는 모든 사람이 호감을 갖는 사람이다. 하지만 엘리오의 감정은 좀더 특별하다. 처음 보는 순간부터 그를 의식했고, 그 실체가 동성에게 품은 사랑임을 깨달은 후에는 적대감을 갖고 있는 것처럼 군다. 하지만 엘리오가 자신의 진짜 속내를 내비친 후 두 사람은 서로의 마음이 같다는 것을 알게 된다.", Luca Guadagnino ,2시간 12분,"드라마,로맨스,MadeinEurope",['Netflix']
쿠바 리브레 스토리,YouTube No,2015,"오랜 외세 정복의 상흔을 지닌 국가 쿠바, 그 격동의 역사를 되짚어본다. 식민 통치와 이에 항거한 독립투사, 그리고 냉전 속의 정치적 음모를 다각도로 들여다보는 다큐멘터리.",15,45min,"다큐멘터리,역사,MadeinEurope",['Netflix']
크리미널 마인드,YouTube No,2005,"FBI 프로파일러로 구성된 정예 팀이 미국에서 가장 뒤틀린 범죄자들의 심리를 분석하고, 범죄를 또 저지르기 전에 다음 수를 예측한다. 팀원들은 함께 성장하며, 이 행동 분석팀은 전문 지식으로 범죄자의 동기를 찾아내고 범죄를 저지하는 노력을 계속한다.",15,44min,"드라마,스릴러,범죄",['Disney Plus']
타오르는 여인의 초상,YouTube No,2019,"1770년, 젊은 화가 마리안느는 밀라노 귀족과 결혼을 앞둔 여인 엘로이즈의 초상화를 그려달라는 백작 부인의 의뢰를 받고 엘로이즈가 머무는 외딴섬의 영지에서 며칠간 머물게 된다. 마리안느는 엘로이즈가 초상화 그리는 걸 싫어한다는 이유 때문에 화가라는 신분을 숨기고 접근한다. 마리안느는 엘로이즈의 이목구비를 눈에 담기 위해 매일 산책에 동행하면서 그녀가 지닌 아픔을 어루만져주고 친분도 쌓는다. 어쨌든 그녀는 엘로이즈의 결혼을 종용하는 도구로 사용될 초상화 완성에 매진해야 한다.", Céline Sciamma ,2시간 0분,"로맨스,역사,드라마,MadeinEurope","['Netflix', 'Watcha']"
탑 보이: 써머하우스,YouTube No,2011,"영국판 마약왕의 탄생. 어느 공공 주택가에서 길거리 인생을 사는 두 남자. 이들은 살아남기 위해 마약으로 최고가 되려 한다. 돈과 권력, 배신과 복수로 점철된 암흑의 세계를 리얼하게, 스타일리시하게 보여주는 웰메이드 드라마.",19,48min,"드라마,범죄,스릴러,MadeinEurope",['Netflix']
터닝 포인트,YouTube No,2021,"만사가 귀찮은 청년. 싸움은 무조건 피하고 볼 정도로 소심하기까지 하다. 그런데 어느 날, 위험한 불량배와 우연히 친구가 되면서 생각지 않은 삶으로 휘말려 들기 시작한다.", Riccardo Antonaroli ,1시간 38분,"드라마,범죄",['Netflix']
트루먼 쇼,YouTube No,1998,"트루먼 버뱅크는 작고 조용한 섬마을에 사는 평범한 세일즈맨이다. 그런 그가 자신의 삶에 대해 의문을 갖기 시작한 것은 평소와 다름없이 평범한 어느 날, 갑자기 하늘에서 촬영용 조명등이 떨어지고, 어렸을 적 자신이 익사를 직접 목격했던 아버지가 살아오고, 또 누군가에 의해 끌려가는 등 상식 밖의 일들이 벌어지고 나서부터였다. 평생을 그다지 신경쓰지 않고 지냈던 일상이었지만 주변을 보니 이상한 일이 너무 많았다. 결국 자신이 특별한 상황에 놓여있다는 확신을 하게된 트루먼은 첫사랑 실비아의 모든 것이 다 거짓라는 말을 되새기며 일상으로부터 탈출을 결심하게 되는데...", Peter Weir ,1시간 44분,"드라마,코미디,SF","['Netflix', 'Watcha']"
특전 U보트,YouTube No,1981,"{1941년 9월 프랑스 라 로셀(La Rochelle). 히틀러가 영국 봉쇄를 위해 편성한 잠수함대가 열세를 보이기 시작했다. 영국 상선을 호위하는 구축함은 갈 수록 무장을 강화하여 독일 잠수함에 타격을 가했다. 그래도 독일군 최고사령부는 잠수함을 포기하지 않아 시간이 지날 수록 오히려 어린 수병들을 태워 점령지 프랑스로부터 출격시켰다. 결국 대서양을 지배하려는 싸움은 독일을 외면했다. 2차대전 중 4만 명의 수병이 유보트(U-Boats)라 불리는 잠수함에 투입되었다. 그리고 3만 명이 돌아오지 못했다.}  독일군의 패전 기미가 감돌던 1941년. 대부분 전쟁을 경험하지 못한 젊은 신참 병사들이 승선한 잠수함 U-96. 영화는 먹고 마시고 춤추는, 마치 내일이 없는 듯한 병사들의 모습에서부터 시작된다. 그러나 시간이 흐를 수록 잠수함이라는 한정된 공간에서 오는 답답함과 우울함이 이들을 엄습하기 시작한다. 그러던 어느 날 처음으로 적군의 군수물자운반선을 호위하는 영군군함과의 교전이 벌어지고, 아수라장의 싸움을 간신히 승리로 이끈 이들은 비로소 전쟁의 진실과 맞닥뜨리게 되고 공포에 사로잡힌다. 크리스마스가 다가올 무렵 그들에게 또 하나의 명령이 떨어진다. 그들로서는 도저히 불가능할 것만 같은 작전. 영군군의 본거지인 지브롤터 해협을 통과해야 하는 것이다. 자살 명령이나 다름없는 작전을 수행하기 위해 적지한 가운데로 향하는 U-96. 그러나 마음의 준비도 되어있지 않은 상태에서 적군(영국군)은 공중에서 폭탄을 투하하기 시작하고, U-96은 크게 파손되고 만다. 설상가상으로 기계는 고장이 나 심해 깊은 곳으로 처박히고 마는데.", Wolfgang Petersen ,2시간 30분,"드라마,액션,역사,전쟁,스릴러,MadeinEurope",['Netflix']
파이브 건스,YouTube No,2001,"남북전쟁으로 고향을 떠난 지 4년만에 돌아온 프랭크와 제시 제임스 형제. 그들은 콜, 밥, 짐의 영거 삼형제와 함께 시골에서 밭을 일구며 평화롭게 살고 있었다. 그러나 그때, 철도회사 사장인 타데오스는 악명높은 핑커튼 탐정 사무소를 앞세워 농민들의 땅을 헐값으로 사들이려 한다. 이 일로 제시의 어머니마저 돌아가시게 되고 제임스 형제와 영거 형제는 함께 '제임스 영거 갱단'을 만들게 되는데...", Les Mayfield ,1시간 34분,"서부,액션,다큐멘터리,범죄",['Netflix']
파친코,YouTube No,2022,"일제강점기 이후 부산 영도에서 오사카로 건너간 한국인 이민자인 선자의 4대에 걸친, 고국을 떠나 억척스럽게 생존과 번영을 추구하는 한인 이민 가족의 꿈과 희망을 기록한다. 금지된 사랑에서 시작되는 이야기는 한국과 일본, 그리고 미국을 오가며 전쟁과 전쟁과 평화, 사랑과 이별, 승리와 심판에 대한 잊을 수 없는 연대기를 그린다.",15,55min,드라마,['Apple TV Plus']
팸 & 토미,YouTube No,2022,"파멜라 앤더슨과 토미 리의 섹스 테이프 사건을 다룬 실화 기반의 시리즈다. 불만에 찬 도급업자는 둘의 집에서 비디오를 훔치고, 뒤 세계에서만 돌던 불법 비디오는 인터넷에서 전 세계적인 화제가 된다.",19,43min,"드라마,코미디,로맨스",['Disney Plus']
페르소나,YouTube No,2019,"2019년 4월 Netflix에서 방영을 시작한 옴니버스 드라마. 페르소나는 그리스 어원의 가면을 나타내는 말로 외적 인격 또는 가면을 쓴 인격을 뜻한다. 남극일기, 인류멸망보고서의 임필성. 미쓰 홍당무, 비밀은 없다의 이경미. 더 테이블의 김종관. 굿바이 싱글, 소공녀의 전고운 감독까지. 재능과 개성이 넘치는 4명의 감독, 그들이 만든 4편의 작품. 그 속에서 1명의 뮤즈가 4개의 페르소나로 변신한다. 영화는 4명의 감독이 아이유(이지은)를 해석하는 방향에 따라 이야기가 전개된다. 때론 귀엽게 때론 묘하게, 삶과 사랑을 이야기한다.",19,22min,드라마,['Netflix']
펜타버릿: 5인의 비밀결사대,YouTube No,2022,"이들의 역사는 중세에서 시작된다? 흑사병 이후, 공익을 위해 세계적 사건들에 영향을 미쳐 온 비밀 단체가 있다면? 마이크 마이어스가 독특한 웃음을 전하는 코미디 시리즈 이벤트.", Tim Kirkby ,27min,코미디,['Netflix']
포드 V 페라리,YouTube No,2019,"1960년대, 매출 감소에 빠진 포드는 판매 활로를 찾기 위해 페라리와의 인수 합병을 추진한다. 막대한 자금력에도 불구, 계약에 실패하고 엔초 페라리로부터 모욕까지 당한 헨리 포드 2세는 르망 24시간 레이스에서 페라리를 박살 낼 차를 만들 것을 지시한다. 지옥의 레이스로 불리는 르망 24시간 레이스. 출전 경험조차 없는 포드는 대회 6연패를 차지한 페라리에 대항하기 위해 르망 우승자 출신 자동차 디자이너 캐롤 셸비를 고용하고, 그는 누구와도 타협하지 않지만 열정과 실력만큼은 최고인 레이서 켄 마일스를 자신의 파트너로 영입하는데...", James Mangold ,2시간 33분,"액션,드라마,스포츠",['Disney Plus']
포즈,YouTube No,2018,"1987년, 뉴욕의 밤 문화인 무도회 세계. 트랜스여성 블랑카는 그곳에 이름을 떨칠 새 하우스를 만든다. 그녀와 성 소수자 공동체가 함께 펼치는 꿈의 무대가 시작된다.",19,54min,드라마,['Disney Plus']
푸리오자,YouTube No,2021,한 여자 경찰이 전 남자친구에게 거부할 수 없는 제안을 한다. 형제를 감옥에 보내지 않으려면 경찰의 정보원이 되어 범죄 조직에 잠입해야 한다는 것., Cyprian T. Olencki ,2시간 19분,"드라마,액션,범죄",['Netflix']
프라미싱 영 우먼,YouTube No,2020,7년 전 의대를 중퇴하고 카페에서 일하는 카산드라는 남성이 몸을 가누기 힘들어하는 자신에게 접근해 합의되지 않은 성관계를 시도하려고 할 때 다시 취하지 않은 모습으로 돌아와 남성을 혼란에 빠뜨리고 밖으로 나와 버린다. 그가 이런 위험한 연극을 반복해온 데는 이유가 있다. 그 사연은 우연히 가게에 라이언이 방문해 카산드라에게 데이트를 신청하면서 점점 수면 위로 떠오른다., Emerald Fennell ,1시간 53분,"드라마,스릴러,코미디,범죄",['Netflix']
프레시,YouTube No,2022,"노아는 슈퍼마켓에서 매혹적인 스티브를 만난다. 노아는 데이트 앱에 실망해 있던 터라 모험한다 치고 연락처를 주고, 첫 데이트 이후 그에게 흠뻑 빠지게 된다. 낭만적인 주말 휴가 초대를 받아들이지만 새 연인에게 남다른 식성이 있다는 것을 알게 된다.", Mimi Cave ,1시간 54분,"공포,스릴러,코미디",['Disney Plus']
프렌즈,YouTube No,1994,"1994년 5월 NBC에서 방영을 시작한 시트콤. 미국 뉴욕 시 맨해튼의 그리니치 빌리지의 아파트와 까페 센트럴 퍼크를 중심으로 2-30대의 세 명의 남자와 세 명의 여자의 우정과 사랑, 삶을 그렸다. 부잣집 맏딸이자 응석받이로 자라 온 레이첼은 결혼식을 앞두고 결혼 선물들을 쳐다보던 중 자신이 남편보다 결혼선물을 더 사랑한다는 사실을 깨닫고 회의감을 느끼게 된다. 이를 계기로 불현듯 결혼식에서 도망쳐 나오게 되고, 뉴욕에 아버지의 그늘을 피할 곳을 찾다가 결혼식 전 우연히 만난 고등학교 동창 모니카와 재회하게 된다.",15,25min,"코미디,드라마,로맨스","['Netflix', 'Watcha']"
프렌치 디스패치,YouTube No,2021,"프랑스 앙뉘에서 발간되는 미국 잡지 프렌치 디스패치의 편집장 아서 하위처 주니어(빌 머리)가 갑자기 사망한다. 발행인의 부고는 곧잡지의 부고이기도 해서, 프렌디 디스패치의 최정예 저널리스트들은 마지막 발행본에 실을 특종 기사를 고민한다. 허브세인트 새저랙 (오언 윌슨), J. K. L. 베렌슨(틸다 스윈튼), 루신다 크레멘츠(프랜시스 맥도먼드), 로벅 라이트(제프리 라이트)는 각자 도시와 예술, 정치와 푸드 섹션을 맡아 피날레를 장식할 호의 기사를 쓴다. 살인죄로 수감된 천재 화가의 작품은 영악한 미술상에 의해 그 가치가 엄청나게 뛰게 되고, 기성세대에 저항하는 프랑스 청년들의 변혁 운동은 기성세대가 선언문을 고쳐준다는 아이러니를 마주하고, 해외파 기자는 프랑스의 외국인 노동자 셰프의 감정을 이해한다.", Wes Anderson ,1시간 48분,"드라마,다큐멘터리,로맨스,코미디",['Disney Plus']
프리 가이,YouTube No,2021,"평범한 직장, 절친 그리고 한 잔의 커피.  평화로운 일상 속 때론 총격전과 날강도가 나타나는 버라이어티한 ‘프리시티’에 살고 있는 ‘가이’. 그에겐 뭐 하나 부족한 것이 없었다. 우연히 마주친 그녀에게 한눈에 반하기 전까지는…  갖은 노력 끝에 다시 만난 그녀는 ‘가이’가 비디오 게임 ‘프리시티’에 사는 배경 캐릭터이고, 이 세상은 곧 파괴될 거라 경고한다. 혼란에 빠진 ‘가이’ 그러나 그는 ‘프리시티’의 파괴를 막기 위해 더 이상 배경 캐릭터가 아닌, 히어로가 되기로 결심한다.", Shawn Levy ,1시간 55분,"SF,코미디,판타지,액션",['Disney Plus']
프리즈너스,YouTube No,2013,"한가로운 휴일, 가족과 행복한 시간을 보내던 도버(휴 잭맨)와 버치(테렌스 하워드)는 자신들의 딸이 실종됐다는 사실을 뒤늦게 알아차린다. 곧바로 형사 로키(제이크 질렌홀)와 함께 존스(폴 다노)를 용의자로 지목하지만 그에게서는 어떤 증거도 찾을 수 없다. 완벽한 용의자를 의심하는 아빠는 홀로 그를 쫓기 시작하고, 형사는 세상에 숨겨진 진범을 찾기 위해 추적을 시작한다. 유력한 용의자를 범인이라고 믿는 아빠. 진짜 범인은 따로 있다고 믿는 형사. 각각 다른 방식으로 추적을 시작한 두 사람은 마침내 세상을 충격에 빠트릴 진실과 마주치게 되는데...", Denis Villeneuve ,2시간 33분,"스릴러,범죄,드라마",['Netflix']
플립,YouTube No,2010,"건너편에 이사 온 브라이스를 보고 첫 눈에 사랑을 직감한 7살 줄리. 그 후로 줄리는 브라이스에게 끊임없이 마음을 표현하지만, 나무가 잘리는 걸 막기 위해 시위를 하는 등 남다른 행동을 하는 줄리의 모습이 이상할 뿐이다. 그런 줄리를 요리조리 피해 다니기를 6년. 어느 날, 줄리가 정성들여 키운 닭의 계란을 선물 받고 바로 쓰레기통에 버리던 브라이스의 모습을 줄리에게 들키고 만다. 브라이스는 화가 난 줄리에게 미안함을 느끼며 자꾸 신경이 쓰인다. 철없는 브라이스에 비해, 가난하지만 화목한 가정 속에서 현명하게 살아가는 마음이 예쁜 줄리. 그런 그녀를 보며 사랑임을 확신하는데...", Rob Reiner ,1시간 29분,"드라마,코미디,로맨스","['Netflix', 'Watcha']"
하이앤로우 더 무비 2: 엔드 오브 스카이,YouTube No,2017,"다섯 팀이 격전을 벌이는 SWORD 지구.  어느 날, 예전에 경찰관에게 폭력을 휘둘러 수감되어 있던 악명 높은 스카우트 집단 「DOUBT」의 리더, 모리 란마루(나카무라 아오이)가 석방된다.  DOUBT는 ROCKY(쿠로키 케이지)가 이끄는 「White Rascals」와 깊은 인연이 있고, 세력 확대를 꾀하는 란마루는 교도소 갱단과 손 잡고 SWORD을 부수기 위해 항쟁을 걸어 온다."," Shigeaki Kubo ,  Tsuyoshi Nakakuki ",2시간 5분,액션,['Netflix']
하이큐!!,YouTube No,2014,"히나타 쇼요는 우연히 춘고 대회의 배구 경기를 보다 코트 위에서 활약하는 '작은 거인'에 이끌려 배구를 시작하게 된다. 그로부터 3년 뒤 중학교 처음이자 마지막 공식 경기에서, 히나타는 '코트 위의 제왕'이라는 별명을 지닌 천재 세터 카게야마 토비오가 속한 키타가와 제1 중학교와 맞붙어 참패당한다. 이후 배구 명문교에 진학했을 카게야마에게 리벤지하겠다는 일념으로 '작은 거인'이 다녔던 카라스노 고교에 입학하지만, 그곳에서 웬일인지 카라스노에 입학한 카게야마와 마주치게 된다.카게야마가 카라스노 고교에 가게 된 이유는 공부를 못해서 간것도 있지만 시라토리자와에 지원하였다가 떨어져서이다.",15,24min,"코미디,드라마,애니메이션,스포츠","['Watcha', 'Netflix', 'wavve']"
하트스토퍼,YouTube No,2022,학교에서 만나 친구가 된 찰리와 닉. 우정인 줄만 알았는데 둘 사이에 그 이상의 감정이 싹튼다. 10대들의 학교생활과 풋풋한 사랑을 다룬 성장 드라마 시리즈.,15,28min,"드라마,로맨스",['Netflix']
히야마 켄타로의 임신,YouTube No,2022,"잘나가는 광고 크리에이터로 모든 걸 다 가졌다고 생각하던 남자. 돌연 본인이 임신했다는 걸 알게 되고, 비로소 지금까지 생각조차 해 본 적 없는 사회의 편견들과 대면하게 된다.",12,26min,"드라마,로맨스,코미디",['Netflix']
